requested_by_user_id,vehicle_type_needed,passenger_count,trip_date,start_time,end_time,destination,purpose,status,assigned_vehicle_id,rejection_reason
16,Bus,2,2022-11-07,10:00:00,14:00:00,Ella,Maintenance,COMPLETED,5,
3,Bus,38,2024-09-03,12:00:00,13:00:00,Bandarawela,Official Meeting,COMPLETED,5,
16,Bus,36,2022-07-16,09:00:00,16:00:00,Matara,Community Service,COMPLETED,1,
19,Mini Bus,23,2023-07-08,12:00:00,18:00:00,Ella,Official Meeting,CANCELLED,3,
24,Bus,6,2021-02-13,12:00:00,14:00:00,Kandy,Community Service,COMPLETED,1,
37,Car,1,2024-07-29,12:00:00,14:00:00,Colombo,Equipment Transport,COMPLETED,3,
44,Truck,1,2021-10-04,07:00:00,08:00:00,Monaragala,Workshop,CANCELLED,2,
42,Bus,25,2023-03-02,10:00:00,18:00:00,Kandy,Research,COMPLETED,2,
36,Van,12,2025-04-12,07:00:00,10:00:00,Monaragala,Research,COMPLETED,3,
16,Truck,1,2021-11-09,11:00:00,12:00:00,Badulla,Seminar,COMPLETED,1,
15,Mini Bus,30,2022-10-15,15:00:00,21:00:00,Matara,Medical,REJECTED,4,
49,Mini Bus,9,2025-09-22,08:00:00,12:00:00,Nuwara Eliya,Student Competition,COMPLETED,5,
10,Car,4,2023-02-23,11:00:00,15:00:00,Nuwara Eliya,Sports Meet,COMPLETED,1,
40,Bus,10,2024-04-20,08:00:00,15:00:00,Bandarawela,Medical,COMPLETED,4,
45,Truck,2,2022-07-05,14:00:00,15:00:00,Bandarawela,Equipment Transport,REJECTED,3,
12,Van,2,2022-09-08,10:00:00,17:00:00,Matara,Industrial Visit,CANCELLED,3,
42,Truck,1,2021-08-28,14:00:00,16:00:00,Colombo,Equipment Transport,COMPLETED,2,
40,Mini Bus,12,2024-02-21,08:00:00,09:00:00,Kandy,Sports Meet,COMPLETED,3,
38,Van,4,2025-08-12,06:00:00,10:00:00,Bandarawela,Field Visit,APPROVED,1,
37,Truck,1,2023-08-21,08:00:00,16:00:00,Ella,Workshop,COMPLETED,5,
47,Car,2,2025-07-31,14:00:00,18:00:00,Colombo,Medical,CANCELLED,3,
16,Car,4,2025-06-28,07:00:00,11:00:00,Bandarawela,Seminar,COMPLETED,5,
6,Mini Bus,19,2024-01-17,09:00:00,10:00:00,Badulla,Official Meeting,COMPLETED,1,
19,Van,2,2021-10-12,14:00:00,18:00:00,Matara,Official Meeting,COMPLETED,5,
28,Truck,2,2023-08-29,09:00:00,17:00:00,Monaragala,Field Visit,COMPLETED,4,
48,Van,7,2023-06-03,12:00:00,20:00:00,Badulla,Equipment Transport,COMPLETED,1,
17,Bus,26,2023-11-19,11:00:00,13:00:00,Monaragala,Official Meeting,COMPLETED,2,
17,Car,2,2022-03-18,10:00:00,18:00:00,Bandarawela,Sports Meet,APPROVED,5,
7,Bus,4,2022-04-04,14:00:00,15:00:00,Monaragala,Research,COMPLETED,4,
12,Mini Bus,28,2023-03-06,12:00:00,13:00:00,Galle,Industrial Visit,CANCELLED,3,
11,Car,3,2023-10-15,12:00:00,20:00:00,Monaragala,Workshop,COMPLETED,1,
49,Truck,3,2023-06-22,14:00:00,15:00:00,Kandy,Industrial Visit,COMPLETED,4,
34,Truck,3,2021-05-08,08:00:00,09:00:00,Bandarawela,Research,COMPLETED,1,
39,Mini Bus,13,2022-10-02,07:00:00,11:00:00,Ratnapura,Industrial Visit,COMPLETED,4,
18,Truck,3,2022-12-10,14:00:00,20:00:00,Monaragala,Equipment Transport,APPROVED,2,
31,Van,7,2023-11-23,08:00:00,13:00:00,Kandy,Field Visit,COMPLETED,5,
34,Truck,1,2025-09-13,07:00:00,11:00:00,Colombo,Research,REJECTED,1,
30,Mini Bus,12,2025-01-31,10:00:00,13:00:00,Nuwara Eliya,Maintenance,COMPLETED,5,
44,Bus,43,2021-09-18,14:00:00,19:00:00,Bandarawela,Research,COMPLETED,1,
40,Truck,1,2025-10-01,10:00:00,15:00:00,Monaragala,Maintenance,COMPLETED,3,
7,Truck,2,2022-03-19,10:00:00,11:00:00,Galle,Workshop,COMPLETED,3,
49,Mini Bus,21,2025-10-21,10:00:00,13:00:00,Matara,Student Competition,APPROVED,5,
36,Bus,8,2024-11-14,07:00:00,10:00:00,Badulla,Seminar,COMPLETED,2,
25,Car,2,2023-05-12,06:00:00,11:00:00,Badulla,Seminar,COMPLETED,2,
41,Bus,23,2022-11-20,14:00:00,21:00:00,Ella,Official Meeting,REJECTED,2,
28,Car,1,2025-12-10,08:00:00,14:00:00,Monaragala,Workshop,COMPLETED,1,
14,Car,1,2022-11-16,13:00:00,17:00:00,Matara,Seminar,COMPLETED,2,
23,Mini Bus,1,2024-08-08,09:00:00,16:00:00,Colombo,Field Visit,CANCELLED,3,
45,Van,11,2025-11-27,14:00:00,21:00:00,Nuwara Eliya,Seminar,REJECTED,1,
4,Van,3,2023-12-01,15:00:00,20:00:00,Bandarawela,Community Service,COMPLETED,3,
18,Car,1,2025-07-10,12:00:00,16:00:00,Badulla,Maintenance,COMPLETED,5,
29,Truck,3,2021-06-07,09:00:00,15:00:00,Bandarawela,Equipment Transport,REJECTED,5,
34,Van,11,2025-01-06,07:00:00,12:00:00,Colombo,Equipment Transport,COMPLETED,4,
28,Van,9,2025-11-05,08:00:00,12:00:00,Galle,Equipment Transport,APPROVED,2,
37,Truck,3,2023-07-06,10:00:00,17:00:00,Badulla,Workshop,COMPLETED,4,
30,Truck,3,2025-02-15,11:00:00,19:00:00,Matara,Equipment Transport,COMPLETED,4,
34,Mini Bus,22,2025-09-20,07:00:00,12:00:00,Ratnapura,Seminar,COMPLETED,2,
3,Van,4,2021-06-23,09:00:00,12:00:00,Badulla,Official Meeting,CANCELLED,5,
47,Bus,30,2024-05-08,12:00:00,16:00:00,Galle,Sports Meet,COMPLETED,2,
13,Bus,7,2022-08-08,12:00:00,16:00:00,Nuwara Eliya,Sports Meet,COMPLETED,2,
44,Bus,30,2022-07-28,08:00:00,16:00:00,Nuwara Eliya,Student Competition,COMPLETED,4,
37,Truck,3,2025-06-30,14:00:00,21:00:00,Matara,Research,APPROVED,4,
35,Car,3,2023-12-11,09:00:00,14:00:00,Matara,Equipment Transport,COMPLETED,4,
23,Bus,19,2025-06-06,09:00:00,14:00:00,Kandy,Student Competition,COMPLETED,2,
6,Mini Bus,13,2021-06-19,08:00:00,12:00:00,Galle,Medical,COMPLETED,4,
26,Car,1,2023-09-01,09:00:00,16:00:00,Ratnapura,Maintenance,COMPLETED,5,
21,Car,4,2025-07-19,06:00:00,12:00:00,Galle,Medical,COMPLETED,5,
19,Truck,1,2022-01-31,13:00:00,17:00:00,Galle,Sports Meet,COMPLETED,3,
41,Car,2,2024-11-15,13:00:00,16:00:00,Nuwara Eliya,Industrial Visit,REJECTED,5,
43,Truck,3,2025-12-27,06:00:00,08:00:00,Galle,Research,REJECTED,2,
15,Bus,17,2024-12-01,12:00:00,18:00:00,Matara,Seminar,COMPLETED,4,
7,Van,13,2022-01-05,12:00:00,17:00:00,Matara,Industrial Visit,APPROVED,1,
50,Van,4,2025-12-18,07:00:00,08:00:00,Badulla,Official Meeting,COMPLETED,1,
32,Truck,1,2024-09-11,09:00:00,12:00:00,Bandarawela,Community Service,REJECTED,4,
40,Van,13,2021-10-21,11:00:00,14:00:00,Ratnapura,Maintenance,APPROVED,2,
21,Van,2,2021-08-28,15:00:00,16:00:00,Ratnapura,Equipment Transport,REJECTED,4,
8,Car,2,2024-09-11,07:00:00,11:00:00,Colombo,Equipment Transport,COMPLETED,1,
44,Truck,1,2022-10-13,11:00:00,18:00:00,Kandy,Field Visit,COMPLETED,3,
29,Bus,27,2025-07-30,13:00:00,15:00:00,Kandy,Equipment Transport,REJECTED,4,
41,Mini Bus,14,2025-12-09,08:00:00,13:00:00,Nuwara Eliya,Sports Meet,COMPLETED,5,
19,Van,6,2024-08-14,09:00:00,11:00:00,Matara,Official Meeting,APPROVED,5,
3,Truck,3,2023-10-29,12:00:00,18:00:00,Matara,Seminar,COMPLETED,2,
19,Van,13,2021-02-19,10:00:00,16:00:00,Ratnapura,Maintenance,REJECTED,5,
17,Bus,34,2024-06-03,09:00:00,11:00:00,Galle,Sports Meet,COMPLETED,2,
7,Car,4,2022-03-05,13:00:00,14:00:00,Colombo,Official Meeting,COMPLETED,2,
32,Van,11,2025-07-06,15:00:00,21:00:00,Nuwara Eliya,Student Competition,COMPLETED,5,
21,Van,6,2021-07-24,13:00:00,18:00:00,Colombo,Official Meeting,COMPLETED,2,
14,Van,2,2023-05-22,14:00:00,17:00:00,Monaragala,Maintenance,COMPLETED,5,
14,Truck,3,2023-07-03,10:00:00,12:00:00,Colombo,Official Meeting,COMPLETED,3,
4,Bus,35,2025-12-19,08:00:00,13:00:00,Badulla,Student Competition,COMPLETED,2,
32,Car,1,2024-10-08,06:00:00,11:00:00,Matara,Sports Meet,COMPLETED,1,
6,Van,14,2023-07-26,13:00:00,15:00:00,Galle,Sports Meet,COMPLETED,1,
7,Mini Bus,5,2024-07-17,15:00:00,20:00:00,Monaragala,Field Visit,COMPLETED,4,
35,Truck,3,2024-07-29,15:00:00,19:00:00,Galle,Sports Meet,REJECTED,3,
41,Truck,2,2024-11-06,10:00:00,11:00:00,Bandarawela,Official Meeting,COMPLETED,3,
37,Bus,11,2024-07-18,09:00:00,12:00:00,Bandarawela,Research,COMPLETED,4,
16,Truck,2,2024-11-16,10:00:00,11:00:00,Colombo,Maintenance,COMPLETED,4,
42,Bus,44,2021-07-06,09:00:00,14:00:00,Ratnapura,Equipment Transport,APPROVED,2,
43,Car,1,2023-07-19,14:00:00,18:00:00,Ella,Workshop,APPROVED,1,
30,Bus,11,2024-11-29,10:00:00,15:00:00,Bandarawela,Sports Meet,COMPLETED,4,
30,Van,9,2022-01-21,14:00:00,22:00:00,Bandarawela,Community Service,COMPLETED,4,
7,Van,10,2023-12-17,10:00:00,11:00:00,Monaragala,Equipment Transport,APPROVED,5,
50,Truck,1,2021-04-21,10:00:00,11:00:00,Ella,Sports Meet,COMPLETED,4,
42,Van,3,2021-07-21,15:00:00,22:00:00,Matara,Field Visit,COMPLETED,4,
23,Van,6,2021-05-14,07:00:00,10:00:00,Galle,Maintenance,COMPLETED,4,
22,Truck,1,2025-02-20,13:00:00,15:00:00,Colombo,Seminar,COMPLETED,4,
28,Truck,1,2021-05-21,14:00:00,22:00:00,Badulla,Official Meeting,COMPLETED,5,
19,Car,4,2024-08-16,06:00:00,10:00:00,Nuwara Eliya,Research,REJECTED,4,
47,Car,1,2022-11-19,06:00:00,10:00:00,Ella,Workshop,COMPLETED,5,
31,Car,1,2023-07-18,09:00:00,11:00:00,Bandarawela,Equipment Transport,APPROVED,4,
32,Van,9,2023-12-06,10:00:00,17:00:00,Matara,Official Meeting,COMPLETED,2,
6,Car,2,2022-06-24,15:00:00,18:00:00,Colombo,Medical,COMPLETED,5,
48,Van,14,2023-12-07,06:00:00,11:00:00,Colombo,Community Service,COMPLETED,4,
24,Mini Bus,15,2021-09-24,14:00:00,22:00:00,Kandy,Student Competition,APPROVED,4,
38,Car,3,2025-08-07,09:00:00,13:00:00,Galle,Official Meeting,REJECTED,4,
26,Bus,21,2022-02-21,13:00:00,20:00:00,Ella,Sports Meet,CANCELLED,2,
30,Truck,3,2025-08-01,11:00:00,13:00:00,Bandarawela,Student Competition,REJECTED,1,
32,Mini Bus,14,2021-02-21,08:00:00,10:00:00,Colombo,Seminar,COMPLETED,4,
22,Bus,22,2025-02-25,14:00:00,21:00:00,Matara,Student Competition,COMPLETED,1,
49,Mini Bus,21,2023-05-05,10:00:00,14:00:00,Bandarawela,Medical,CANCELLED,1,
4,Car,2,2022-09-24,10:00:00,11:00:00,Kandy,Industrial Visit,COMPLETED,3,
38,Car,2,2022-04-08,09:00:00,16:00:00,Ella,Research,COMPLETED,5,
16,Car,2,2025-02-02,13:00:00,16:00:00,Matara,Equipment Transport,COMPLETED,3,
6,Bus,30,2024-03-02,10:00:00,13:00:00,Matara,Seminar,CANCELLED,3,
14,Car,3,2022-04-06,13:00:00,18:00:00,Galle,Sports Meet,COMPLETED,4,
46,Truck,2,2024-03-13,15:00:00,20:00:00,Colombo,Industrial Visit,CANCELLED,4,
40,Van,1,2021-02-27,15:00:00,16:00:00,Matara,Workshop,APPROVED,2,
41,Truck,2,2021-06-04,09:00:00,13:00:00,Colombo,Equipment Transport,APPROVED,2,
30,Bus,41,2022-07-28,06:00:00,11:00:00,Badulla,Community Service,COMPLETED,2,
13,Bus,19,2024-10-22,11:00:00,18:00:00,Monaragala,Research,APPROVED,3,
18,Truck,3,2021-12-12,10:00:00,13:00:00,Matara,Workshop,APPROVED,3,
50,Bus,30,2024-03-04,07:00:00,10:00:00,Monaragala,Equipment Transport,APPROVED,4,
2,Truck,2,2025-02-18,07:00:00,14:00:00,Colombo,Student Competition,COMPLETED,3,
8,Van,10,2025-11-26,12:00:00,18:00:00,Monaragala,Sports Meet,COMPLETED,5,
43,Van,15,2022-05-28,15:00:00,19:00:00,Bandarawela,Equipment Transport,APPROVED,3,
4,Car,1,2025-04-09,08:00:00,09:00:00,Colombo,Sports Meet,COMPLETED,2,
25,Truck,1,2023-03-15,12:00:00,20:00:00,Nuwara Eliya,Medical,COMPLETED,2,
19,Car,1,2022-01-03,13:00:00,20:00:00,Badulla,Maintenance,COMPLETED,4,
45,Car,2,2021-03-25,11:00:00,13:00:00,Kandy,Student Competition,REJECTED,3,
9,Bus,26,2023-03-02,10:00:00,14:00:00,Matara,Field Visit,COMPLETED,5,
10,Bus,4,2023-07-14,11:00:00,15:00:00,Ratnapura,Official Meeting,COMPLETED,5,
23,Mini Bus,19,2023-02-01,09:00:00,13:00:00,Ella,Community Service,COMPLETED,2,
9,Mini Bus,18,2024-06-16,10:00:00,13:00:00,Badulla,Research,COMPLETED,2,
18,Truck,2,2022-08-28,06:00:00,09:00:00,Badulla,Research,APPROVED,5,
25,Bus,5,2024-12-12,13:00:00,21:00:00,Nuwara Eliya,Community Service,COMPLETED,5,
31,Mini Bus,20,2025-08-17,06:00:00,11:00:00,Badulla,Industrial Visit,CANCELLED,4,
6,Car,1,2023-01-07,13:00:00,21:00:00,Bandarawela,Seminar,COMPLETED,1,
26,Mini Bus,9,2024-10-31,15:00:00,21:00:00,Ratnapura,Student Competition,COMPLETED,5,
43,Truck,2,2024-07-30,07:00:00,09:00:00,Nuwara Eliya,Maintenance,REJECTED,4,
31,Car,2,2022-02-05,12:00:00,18:00:00,Galle,Medical,APPROVED,3,
11,Car,3,2021-08-20,10:00:00,16:00:00,Matara,Field Visit,COMPLETED,1,
10,Bus,28,2025-10-05,07:00:00,13:00:00,Nuwara Eliya,Industrial Visit,COMPLETED,5,
24,Truck,2,2022-08-01,07:00:00,14:00:00,Galle,Maintenance,COMPLETED,3,
38,Truck,2,2023-06-13,11:00:00,13:00:00,Nuwara Eliya,Official Meeting,COMPLETED,4,
37,Mini Bus,28,2025-03-12,07:00:00,13:00:00,Kandy,Field Visit,APPROVED,5,
40,Mini Bus,26,2025-12-28,12:00:00,13:00:00,Colombo,Industrial Visit,COMPLETED,3,
11,Van,6,2021-05-04,06:00:00,09:00:00,Ratnapura,Equipment Transport,COMPLETED,2,
26,Bus,6,2021-07-31,14:00:00,18:00:00,Galle,Sports Meet,COMPLETED,3,
5,Van,12,2021-03-26,11:00:00,13:00:00,Ella,Research,APPROVED,1,
33,Bus,18,2021-02-28,13:00:00,20:00:00,Ratnapura,Sports Meet,COMPLETED,2,
9,Truck,1,2024-02-05,11:00:00,18:00:00,Colombo,Equipment Transport,COMPLETED,4,
16,Truck,3,2023-06-21,10:00:00,11:00:00,Galle,Community Service,COMPLETED,2,
20,Van,4,2024-01-02,08:00:00,13:00:00,Kandy,Field Visit,COMPLETED,4,
34,Mini Bus,5,2023-09-03,12:00:00,16:00:00,Nuwara Eliya,Equipment Transport,APPROVED,1,
31,Car,1,2023-05-23,12:00:00,13:00:00,Bandarawela,Seminar,COMPLETED,5,
27,Car,4,2022-11-27,10:00:00,12:00:00,Badulla,Seminar,COMPLETED,5,
8,Car,3,2025-07-08,07:00:00,14:00:00,Monaragala,Medical,COMPLETED,5,
16,Bus,26,2021-07-28,10:00:00,16:00:00,Kandy,Research,COMPLETED,1,
24,Truck,3,2025-05-05,09:00:00,15:00:00,Ella,Official Meeting,COMPLETED,3,
50,Mini Bus,6,2022-05-31,15:00:00,18:00:00,Bandarawela,Research,CANCELLED,4,
42,Car,4,2023-12-17,15:00:00,21:00:00,Kandy,Research,COMPLETED,4,
24,Car,3,2025-05-21,10:00:00,11:00:00,Nuwara Eliya,Field Visit,COMPLETED,4,
6,Bus,4,2023-08-02,11:00:00,16:00:00,Bandarawela,Community Service,COMPLETED,4,
22,Car,1,2023-06-01,13:00:00,17:00:00,Ratnapura,Sports Meet,COMPLETED,1,
34,Car,1,2021-11-14,11:00:00,13:00:00,Ella,Industrial Visit,COMPLETED,4,
20,Car,2,2025-05-16,11:00:00,17:00:00,Galle,Medical,APPROVED,5,
23,Bus,41,2021-04-01,11:00:00,13:00:00,Bandarawela,Student Competition,COMPLETED,3,
23,Van,12,2022-12-08,15:00:00,18:00:00,Bandarawela,Community Service,COMPLETED,3,
40,Van,11,2025-05-18,12:00:00,15:00:00,Bandarawela,Workshop,COMPLETED,3,
43,Mini Bus,22,2022-05-18,14:00:00,16:00:00,Galle,Student Competition,COMPLETED,3,
33,Van,3,2024-07-01,09:00:00,15:00:00,Monaragala,Official Meeting,CANCELLED,2,
44,Bus,19,2023-01-04,07:00:00,08:00:00,Kandy,Community Service,COMPLETED,4,
48,Mini Bus,6,2023-10-27,08:00:00,11:00:00,Matara,Industrial Visit,COMPLETED,2,
36,Car,3,2024-10-03,13:00:00,17:00:00,Monaragala,Workshop,CANCELLED,4,
31,Mini Bus,12,2025-02-25,15:00:00,22:00:00,Colombo,Medical,COMPLETED,4,
18,Mini Bus,27,2024-12-18,09:00:00,12:00:00,Badulla,Equipment Transport,COMPLETED,3,
20,Truck,1,2023-04-17,14:00:00,16:00:00,Bandarawela,Research,COMPLETED,5,
16,Mini Bus,27,2024-11-18,12:00:00,14:00:00,Matara,Seminar,REJECTED,4,
17,Bus,26,2025-09-21,14:00:00,20:00:00,Galle,Field Visit,COMPLETED,1,
11,Van,15,2021-11-16,07:00:00,13:00:00,Ella,Industrial Visit,COMPLETED,4,
41,Mini Bus,25,2024-05-17,13:00:00,21:00:00,Badulla,Field Visit,COMPLETED,2,
9,Mini Bus,18,2021-12-09,15:00:00,22:00:00,Colombo,Official Meeting,COMPLETED,1,
6,Mini Bus,14,2024-02-09,15:00:00,22:00:00,Bandarawela,Sports Meet,COMPLETED,1,
20,Truck,3,2024-01-31,09:00:00,12:00:00,Galle,Industrial Visit,COMPLETED,2,
35,Truck,2,2025-04-12,08:00:00,10:00:00,Kandy,Field Visit,CANCELLED,5,
26,Truck,3,2024-12-08,14:00:00,15:00:00,Matara,Industrial Visit,COMPLETED,3,
6,Van,12,2024-07-07,06:00:00,12:00:00,Kandy,Official Meeting,APPROVED,1,
4,Truck,3,2022-01-15,11:00:00,14:00:00,Kandy,Student Competition,COMPLETED,2,
6,Car,4,2023-08-02,08:00:00,11:00:00,Matara,Industrial Visit,COMPLETED,1,
21,Mini Bus,29,2024-03-27,06:00:00,12:00:00,Nuwara Eliya,Medical,CANCELLED,5,
20,Car,3,2023-10-21,06:00:00,10:00:00,Kandy,Industrial Visit,REJECTED,3,
27,Van,2,2021-08-26,11:00:00,18:00:00,Matara,Medical,COMPLETED,2,
7,Car,4,2023-07-18,11:00:00,16:00:00,Galle,Field Visit,COMPLETED,2,
7,Truck,2,2023-07-14,11:00:00,13:00:00,Kandy,Equipment Transport,COMPLETED,4,
46,Truck,3,2025-03-17,12:00:00,15:00:00,Matara,Seminar,COMPLETED,3,
6,Truck,2,2022-03-07,10:00:00,11:00:00,Galle,Seminar,COMPLETED,2,
4,Bus,10,2024-02-29,15:00:00,22:00:00,Ella,Field Visit,COMPLETED,3,
40,Van,7,2021-07-23,15:00:00,16:00:00,Ella,Equipment Transport,COMPLETED,3,
35,Van,8,2024-10-14,07:00:00,10:00:00,Kandy,Medical,COMPLETED,3,
33,Mini Bus,4,2025-08-27,06:00:00,09:00:00,Nuwara Eliya,Medical,REJECTED,1,
15,Van,13,2022-05-24,10:00:00,18:00:00,Ratnapura,Workshop,COMPLETED,4,
30,Mini Bus,4,2022-01-07,08:00:00,10:00:00,Ella,Maintenance,COMPLETED,1,
37,Van,11,2025-05-29,11:00:00,13:00:00,Nuwara Eliya,Workshop,REJECTED,2,
9,Mini Bus,26,2021-08-03,11:00:00,15:00:00,Monaragala,Research,COMPLETED,4,
31,Bus,24,2022-04-13,14:00:00,20:00:00,Nuwara Eliya,Research,COMPLETED,1,
35,Bus,20,2025-12-06,12:00:00,20:00:00,Galle,Medical,APPROVED,1,
31,Mini Bus,11,2024-09-01,07:00:00,15:00:00,Nuwara Eliya,Seminar,COMPLETED,5,
34,Truck,1,2021-07-10,08:00:00,15:00:00,Badulla,Field Visit,COMPLETED,3,
24,Mini Bus,6,2023-09-09,11:00:00,15:00:00,Nuwara Eliya,Workshop,APPROVED,3,
10,Mini Bus,21,2021-07-26,14:00:00,19:00:00,Colombo,Community Service,COMPLETED,5,
12,Mini Bus,19,2023-02-02,15:00:00,18:00:00,Ratnapura,Maintenance,REJECTED,3,
4,Truck,1,2022-02-20,06:00:00,08:00:00,Ratnapura,Workshop,COMPLETED,5,
43,Car,1,2023-01-30,13:00:00,18:00:00,Colombo,Sports Meet,COMPLETED,4,
12,Van,8,2023-02-26,07:00:00,08:00:00,Matara,Medical,COMPLETED,2,
47,Van,10,2021-11-04,08:00:00,14:00:00,Kandy,Maintenance,CANCELLED,3,
22,Car,2,2025-04-02,11:00:00,13:00:00,Monaragala,Sports Meet,COMPLETED,4,
20,Mini Bus,5,2024-07-17,07:00:00,08:00:00,Galle,Community Service,COMPLETED,2,
14,Van,15,2025-03-11,15:00:00,21:00:00,Ella,Sports Meet,CANCELLED,4,
7,Car,3,2023-12-31,13:00:00,14:00:00,Galle,Student Competition,COMPLETED,2,
5,Mini Bus,19,2021-10-03,11:00:00,12:00:00,Colombo,Sports Meet,COMPLETED,4,
29,Van,9,2023-09-26,06:00:00,08:00:00,Ella,Workshop,APPROVED,4,
38,Van,1,2022-02-21,12:00:00,13:00:00,Nuwara Eliya,Official Meeting,COMPLETED,3,
50,Bus,25,2021-02-08,14:00:00,22:00:00,Nuwara Eliya,Workshop,APPROVED,5,
27,Truck,1,2021-10-13,08:00:00,10:00:00,Kandy,Seminar,COMPLETED,3,
34,Mini Bus,7,2022-10-16,15:00:00,22:00:00,Badulla,Industrial Visit,COMPLETED,3,
22,Car,4,2023-06-10,08:00:00,11:00:00,Ratnapura,Seminar,COMPLETED,5,
47,Van,10,2024-12-05,11:00:00,19:00:00,Ratnapura,Workshop,COMPLETED,1,
39,Van,6,2025-05-26,07:00:00,14:00:00,Colombo,Maintenance,REJECTED,1,
48,Truck,2,2023-02-04,10:00:00,14:00:00,Badulla,Community Service,COMPLETED,5,
4,Truck,2,2021-09-20,08:00:00,12:00:00,Ratnapura,Maintenance,COMPLETED,1,
28,Car,3,2022-09-27,12:00:00,15:00:00,Monaragala,Medical,COMPLETED,5,
37,Car,1,2022-02-28,08:00:00,12:00:00,Kandy,Equipment Transport,COMPLETED,4,
36,Van,3,2024-05-18,13:00:00,19:00:00,Kandy,Equipment Transport,APPROVED,3,
19,Truck,2,2025-12-26,09:00:00,13:00:00,Nuwara Eliya,Workshop,COMPLETED,3,
22,Van,12,2022-12-20,09:00:00,17:00:00,Matara,Seminar,COMPLETED,3,
27,Van,2,2022-08-22,15:00:00,22:00:00,Kandy,Research,COMPLETED,3,
49,Bus,23,2023-04-06,13:00:00,18:00:00,Matara,Official Meeting,COMPLETED,5,
10,Van,15,2025-04-26,14:00:00,19:00:00,Bandarawela,Community Service,APPROVED,2,
42,Mini Bus,2,2021-04-14,14:00:00,18:00:00,Monaragala,Industrial Visit,COMPLETED,3,
37,Car,1,2021-06-23,08:00:00,09:00:00,Ella,Medical,COMPLETED,4,
20,Car,2,2025-10-03,10:00:00,16:00:00,Badulla,Field Visit,COMPLETED,2,
28,Truck,3,2025-07-10,06:00:00,09:00:00,Ella,Industrial Visit,CANCELLED,4,
2,Car,2,2021-01-31,10:00:00,11:00:00,Colombo,Community Service,COMPLETED,3,
10,Van,8,2024-08-24,14:00:00,22:00:00,Nuwara Eliya,Sports Meet,COMPLETED,1,
47,Van,3,2025-09-05,13:00:00,18:00:00,Ella,Industrial Visit,APPROVED,3,
41,Truck,3,2024-08-18,09:00:00,12:00:00,Galle,Medical,COMPLETED,1,
32,Car,1,2021-01-06,08:00:00,11:00:00,Kandy,Official Meeting,COMPLETED,4,
21,Mini Bus,15,2021-04-24,10:00:00,16:00:00,Ratnapura,Maintenance,COMPLETED,3,
44,Van,12,2021-03-31,09:00:00,10:00:00,Bandarawela,Sports Meet,COMPLETED,4,
42,Truck,3,2021-03-19,10:00:00,12:00:00,Colombo,Seminar,COMPLETED,2,
49,Mini Bus,16,2024-05-23,08:00:00,16:00:00,Ratnapura,Seminar,COMPLETED,5,
35,Car,2,2023-05-15,09:00:00,11:00:00,Matara,Student Competition,APPROVED,1,
38,Truck,1,2023-01-04,06:00:00,10:00:00,Nuwara Eliya,Research,COMPLETED,5,
7,Car,1,2023-04-25,09:00:00,17:00:00,Nuwara Eliya,Sports Meet,APPROVED,4,
38,Mini Bus,17,2023-05-09,12:00:00,20:00:00,Badulla,Student Competition,COMPLETED,3,
49,Bus,26,2023-06-29,10:00:00,11:00:00,Monaragala,Community Service,COMPLETED,4,
6,Van,12,2023-08-22,07:00:00,08:00:00,Matara,Industrial Visit,COMPLETED,2,
26,Mini Bus,25,2021-07-30,12:00:00,18:00:00,Matara,Medical,COMPLETED,5,
13,Mini Bus,21,2022-07-28,11:00:00,13:00:00,Nuwara Eliya,Medical,COMPLETED,2,
45,Bus,2,2023-04-20,10:00:00,18:00:00,Nuwara Eliya,Medical,COMPLETED,2,
19,Mini Bus,15,2022-09-30,11:00:00,14:00:00,Monaragala,Maintenance,APPROVED,1,
6,Car,1,2025-08-05,09:00:00,13:00:00,Bandarawela,Community Service,COMPLETED,5,
30,Bus,16,2024-01-01,06:00:00,13:00:00,Monaragala,Student Competition,COMPLETED,1,
48,Mini Bus,17,2023-02-26,10:00:00,14:00:00,Ratnapura,Seminar,COMPLETED,3,
28,Mini Bus,10,2024-07-26,08:00:00,12:00:00,Colombo,Workshop,COMPLETED,5,
5,Mini Bus,21,2025-03-13,12:00:00,20:00:00,Kandy,Equipment Transport,COMPLETED,5,
11,Van,12,2022-12-09,12:00:00,19:00:00,Colombo,Medical,COMPLETED,5,
47,Car,2,2021-02-19,09:00:00,14:00:00,Ella,Sports Meet,REJECTED,5,
26,Car,4,2021-08-29,14:00:00,17:00:00,Monaragala,Workshop,COMPLETED,1,
5,Car,3,2021-12-01,07:00:00,11:00:00,Colombo,Medical,COMPLETED,5,
32,Bus,5,2022-08-12,09:00:00,13:00:00,Monaragala,Seminar,COMPLETED,1,
49,Mini Bus,30,2023-04-05,09:00:00,11:00:00,Matara,Official Meeting,COMPLETED,2,
20,Car,2,2025-06-25,14:00:00,20:00:00,Galle,Sports Meet,COMPLETED,3,
31,Van,5,2025-11-27,11:00:00,19:00:00,Bandarawela,Maintenance,COMPLETED,3,
4,Mini Bus,12,2021-02-04,11:00:00,18:00:00,Ratnapura,Official Meeting,APPROVED,1,
20,Van,9,2022-11-11,15:00:00,22:00:00,Ella,Official Meeting,COMPLETED,4,
18,Truck,1,2024-12-09,13:00:00,19:00:00,Matara,Maintenance,COMPLETED,4,
10,Car,2,2021-03-30,11:00:00,14:00:00,Nuwara Eliya,Sports Meet,COMPLETED,5,
44,Bus,34,2024-02-11,06:00:00,08:00:00,Badulla,Industrial Visit,COMPLETED,2,
34,Bus,10,2021-07-02,06:00:00,10:00:00,Matara,Seminar,COMPLETED,5,
36,Car,4,2024-04-25,06:00:00,07:00:00,Nuwara Eliya,Medical,COMPLETED,5,
34,Van,9,2021-10-14,10:00:00,11:00:00,Galle,Research,COMPLETED,1,
41,Truck,1,2025-08-16,09:00:00,13:00:00,Nuwara Eliya,Workshop,APPROVED,3,
31,Car,1,2021-09-04,11:00:00,18:00:00,Ratnapura,Official Meeting,CANCELLED,2,
7,Van,11,2025-12-22,07:00:00,08:00:00,Galle,Medical,COMPLETED,4,
7,Bus,41,2024-03-28,06:00:00,09:00:00,Matara,Medical,COMPLETED,3,
16,Truck,1,2023-01-03,14:00:00,15:00:00,Monaragala,Maintenance,REJECTED,4,
36,Van,1,2025-04-12,07:00:00,12:00:00,Ratnapura,Equipment Transport,COMPLETED,3,
50,Bus,14,2025-11-10,15:00:00,18:00:00,Galle,Field Visit,COMPLETED,5,
26,Mini Bus,19,2023-04-11,12:00:00,18:00:00,Ella,Maintenance,APPROVED,5,
16,Van,1,2021-03-29,07:00:00,14:00:00,Bandarawela,Seminar,COMPLETED,5,
42,Truck,2,2024-12-21,11:00:00,12:00:00,Colombo,Sports Meet,COMPLETED,3,
45,Truck,2,2024-04-06,12:00:00,15:00:00,Ratnapura,Equipment Transport,COMPLETED,5,
7,Van,13,2021-08-26,09:00:00,11:00:00,Colombo,Research,COMPLETED,2,
7,Car,3,2025-10-17,11:00:00,13:00:00,Badulla,Workshop,COMPLETED,3,
29,Bus,9,2024-09-11,07:00:00,10:00:00,Matara,Student Competition,COMPLETED,4,
37,Bus,2,2025-04-04,07:00:00,13:00:00,Bandarawela,Community Service,COMPLETED,3,
26,Car,1,2021-02-27,10:00:00,17:00:00,Bandarawela,Maintenance,REJECTED,2,
12,Truck,3,2024-08-31,08:00:00,15:00:00,Ella,Workshop,COMPLETED,4,
19,Mini Bus,3,2025-12-26,08:00:00,15:00:00,Galle,Workshop,COMPLETED,1,
40,Van,5,2025-09-07,09:00:00,17:00:00,Ratnapura,Official Meeting,COMPLETED,2,
41,Van,1,2022-08-13,12:00:00,18:00:00,Galle,Seminar,COMPLETED,4,
40,Truck,1,2022-11-15,10:00:00,16:00:00,Monaragala,Sports Meet,COMPLETED,4,
22,Van,5,2023-08-21,13:00:00,17:00:00,Galle,Workshop,APPROVED,4,
39,Van,2,2023-08-11,15:00:00,19:00:00,Nuwara Eliya,Research,COMPLETED,5,
20,Bus,30,2024-05-09,09:00:00,17:00:00,Bandarawela,Medical,COMPLETED,2,
47,Van,4,2021-08-22,10:00:00,13:00:00,Galle,Medical,COMPLETED,5,
36,Car,4,2022-12-03,14:00:00,21:00:00,Badulla,Seminar,APPROVED,5,
17,Truck,3,2022-03-12,07:00:00,09:00:00,Kandy,Research,COMPLETED,1,
29,Truck,3,2025-04-14,12:00:00,18:00:00,Bandarawela,Industrial Visit,COMPLETED,2,
30,Truck,3,2023-05-26,14:00:00,18:00:00,Kandy,Medical,COMPLETED,5,
32,Truck,1,2021-09-01,11:00:00,12:00:00,Bandarawela,Workshop,COMPLETED,1,
23,Bus,10,2023-02-23,11:00:00,16:00:00,Matara,Official Meeting,COMPLETED,3,
22,Car,1,2021-04-21,13:00:00,21:00:00,Bandarawela,Workshop,COMPLETED,1,
49,Bus,22,2021-04-27,07:00:00,10:00:00,Monaragala,Student Competition,COMPLETED,2,
16,Van,9,2025-02-27,12:00:00,20:00:00,Galle,Equipment Transport,COMPLETED,4,
30,Car,1,2021-06-08,15:00:00,19:00:00,Ratnapura,Medical,COMPLETED,2,
36,Mini Bus,9,2022-09-13,07:00:00,09:00:00,Ella,Seminar,COMPLETED,4,
40,Bus,17,2021-05-21,13:00:00,19:00:00,Galle,Community Service,COMPLETED,1,
45,Van,6,2023-04-14,13:00:00,16:00:00,Colombo,Community Service,COMPLETED,2,
9,Van,2,2021-02-22,09:00:00,14:00:00,Ella,Seminar,COMPLETED,5,
38,Car,4,2021-08-22,15:00:00,18:00:00,Galle,Medical,COMPLETED,5,
20,Mini Bus,18,2024-10-19,08:00:00,16:00:00,Ella,Research,COMPLETED,4,
33,Truck,1,2022-02-07,11:00:00,12:00:00,Ella,Official Meeting,APPROVED,5,
45,Truck,3,2022-02-19,13:00:00,20:00:00,Matara,Medical,APPROVED,4,
50,Car,2,2024-01-05,07:00:00,08:00:00,Monaragala,Workshop,COMPLETED,2,
38,Truck,2,2023-05-28,08:00:00,16:00:00,Matara,Student Competition,COMPLETED,5,
36,Bus,18,2022-08-25,14:00:00,20:00:00,Badulla,Maintenance,COMPLETED,2,
4,Car,1,2023-12-14,09:00:00,14:00:00,Matara,Workshop,COMPLETED,1,
49,Car,1,2025-12-06,09:00:00,13:00:00,Ratnapura,Maintenance,COMPLETED,5,
15,Car,2,2023-06-09,15:00:00,18:00:00,Monaragala,Industrial Visit,COMPLETED,5,
22,Van,10,2025-04-13,14:00:00,17:00:00,Colombo,Workshop,COMPLETED,5,
19,Bus,9,2024-12-19,12:00:00,13:00:00,Ella,Maintenance,REJECTED,2,
50,Mini Bus,23,2025-04-10,11:00:00,15:00:00,Galle,Sports Meet,COMPLETED,3,
42,Car,4,2023-06-22,13:00:00,15:00:00,Bandarawela,Medical,COMPLETED,3,
39,Van,8,2023-02-08,13:00:00,19:00:00,Badulla,Maintenance,COMPLETED,4,
15,Van,14,2021-08-07,07:00:00,14:00:00,Galle,Official Meeting,COMPLETED,3,
38,Van,6,2021-12-28,14:00:00,17:00:00,Matara,Seminar,REJECTED,1,
9,Bus,7,2021-03-19,13:00:00,14:00:00,Ella,Sports Meet,COMPLETED,4,
12,Mini Bus,23,2025-05-17,08:00:00,13:00:00,Colombo,Field Visit,COMPLETED,3,
27,Bus,24,2024-08-21,08:00:00,09:00:00,Colombo,Maintenance,COMPLETED,2,
15,Car,1,2025-06-12,07:00:00,08:00:00,Matara,Field Visit,COMPLETED,2,
2,Truck,3,2023-02-06,13:00:00,14:00:00,Kandy,Field Visit,CANCELLED,4,
26,Mini Bus,16,2022-05-14,07:00:00,11:00:00,Bandarawela,Maintenance,APPROVED,1,
26,Van,6,2023-05-26,10:00:00,13:00:00,Ella,Equipment Transport,CANCELLED,2,
41,Bus,34,2023-09-06,15:00:00,16:00:00,Ella,Sports Meet,COMPLETED,2,
15,Mini Bus,30,2022-12-24,12:00:00,20:00:00,Bandarawela,Field Visit,COMPLETED,1,
29,Truck,3,2023-03-13,12:00:00,18:00:00,Kandy,Research,COMPLETED,1,
46,Mini Bus,18,2023-10-11,15:00:00,20:00:00,Badulla,Equipment Transport,REJECTED,2,
49,Truck,3,2023-12-02,14:00:00,18:00:00,Galle,Workshop,COMPLETED,2,
33,Car,4,2025-07-30,07:00:00,11:00:00,Ratnapura,Field Visit,COMPLETED,1,
26,Van,15,2024-10-22,11:00:00,14:00:00,Ratnapura,Medical,COMPLETED,2,
2,Car,1,2021-02-05,06:00:00,08:00:00,Colombo,Official Meeting,COMPLETED,1,
29,Car,3,2025-01-22,14:00:00,21:00:00,Galle,Field Visit,COMPLETED,5,
21,Truck,1,2024-06-21,10:00:00,12:00:00,Bandarawela,Student Competition,REJECTED,2,
21,Truck,2,2023-12-22,12:00:00,14:00:00,Galle,Maintenance,CANCELLED,2,
9,Bus,16,2021-02-12,07:00:00,14:00:00,Matara,Community Service,COMPLETED,3,
46,Mini Bus,4,2022-06-01,06:00:00,09:00:00,Badulla,Research,COMPLETED,3,
25,Truck,3,2022-02-01,10:00:00,13:00:00,Ella,Maintenance,APPROVED,3,
19,Bus,2,2024-11-24,11:00:00,18:00:00,Nuwara Eliya,Field Visit,COMPLETED,5,
5,Bus,32,2021-10-17,13:00:00,19:00:00,Matara,Community Service,COMPLETED,2,
16,Van,13,2021-10-22,07:00:00,09:00:00,Nuwara Eliya,Industrial Visit,COMPLETED,1,
26,Mini Bus,2,2021-12-07,13:00:00,19:00:00,Ella,Research,REJECTED,1,
22,Truck,3,2024-01-02,12:00:00,16:00:00,Monaragala,Medical,REJECTED,3,
9,Van,14,2023-06-09,07:00:00,13:00:00,Nuwara Eliya,Equipment Transport,REJECTED,2,
27,Mini Bus,26,2021-10-19,14:00:00,15:00:00,Bandarawela,Sports Meet,REJECTED,3,
2,Van,2,2024-10-04,14:00:00,22:00:00,Kandy,Official Meeting,COMPLETED,3,
39,Truck,1,2022-11-02,13:00:00,19:00:00,Matara,Official Meeting,APPROVED,5,
3,Mini Bus,5,2024-05-30,06:00:00,13:00:00,Monaragala,Student Competition,COMPLETED,1,
8,Van,1,2025-05-23,12:00:00,17:00:00,Monaragala,Student Competition,CANCELLED,4,
7,Car,1,2024-09-16,08:00:00,13:00:00,Badulla,Official Meeting,REJECTED,5,
39,Car,3,2025-09-07,13:00:00,15:00:00,Bandarawela,Student Competition,COMPLETED,4,
29,Bus,38,2024-10-22,15:00:00,16:00:00,Ella,Official Meeting,COMPLETED,3,
19,Car,3,2024-05-25,11:00:00,19:00:00,Monaragala,Field Visit,REJECTED,2,
12,Truck,1,2022-03-27,08:00:00,10:00:00,Matara,Sports Meet,COMPLETED,1,
21,Truck,2,2021-08-14,09:00:00,17:00:00,Matara,Workshop,REJECTED,1,
15,Mini Bus,26,2023-11-24,10:00:00,11:00:00,Kandy,Research,COMPLETED,2,
45,Van,7,2024-03-15,14:00:00,15:00:00,Colombo,Workshop,APPROVED,2,
8,Bus,26,2023-06-02,13:00:00,17:00:00,Matara,Field Visit,APPROVED,2,
10,Bus,1,2025-01-16,06:00:00,10:00:00,Monaragala,Medical,COMPLETED,1,
3,Truck,3,2021-04-11,10:00:00,12:00:00,Bandarawela,Official Meeting,REJECTED,4,
4,Mini Bus,3,2021-06-26,11:00:00,13:00:00,Matara,Industrial Visit,COMPLETED,5,
26,Car,4,2024-06-24,13:00:00,14:00:00,Galle,Research,COMPLETED,2,
4,Van,5,2025-01-28,13:00:00,16:00:00,Ratnapura,Community Service,COMPLETED,3,
5,Car,4,2022-05-25,14:00:00,22:00:00,Bandarawela,Workshop,COMPLETED,4,
42,Mini Bus,21,2025-08-29,14:00:00,18:00:00,Nuwara Eliya,Industrial Visit,CANCELLED,3,
26,Car,4,2022-07-24,11:00:00,17:00:00,Colombo,Research,COMPLETED,5,
32,Mini Bus,1,2025-10-16,10:00:00,11:00:00,Nuwara Eliya,Seminar,APPROVED,2,
19,Mini Bus,4,2023-07-11,09:00:00,13:00:00,Nuwara Eliya,Maintenance,COMPLETED,2,
13,Truck,2,2022-10-07,11:00:00,14:00:00,Monaragala,Community Service,COMPLETED,3,
38,Truck,1,2023-07-27,11:00:00,14:00:00,Monaragala,Sports Meet,COMPLETED,2,
16,Car,1,2025-12-06,07:00:00,08:00:00,Ratnapura,Official Meeting,COMPLETED,4,
10,Bus,22,2024-03-25,15:00:00,19:00:00,Kandy,Maintenance,COMPLETED,3,
9,Bus,2,2023-12-09,08:00:00,11:00:00,Nuwara Eliya,Seminar,CANCELLED,3,
22,Car,1,2021-12-09,11:00:00,16:00:00,Ella,Research,APPROVED,4,
16,Car,3,2022-02-06,08:00:00,14:00:00,Ratnapura,Research,COMPLETED,3,
38,Mini Bus,6,2025-07-10,06:00:00,13:00:00,Badulla,Research,COMPLETED,5,
33,Mini Bus,21,2025-09-30,15:00:00,17:00:00,Ella,Seminar,APPROVED,2,
47,Van,6,2022-12-18,08:00:00,10:00:00,Kandy,Sports Meet,COMPLETED,2,
18,Mini Bus,23,2024-07-27,07:00:00,13:00:00,Bandarawela,Maintenance,COMPLETED,4,
33,Car,4,2021-02-11,08:00:00,15:00:00,Galle,Seminar,COMPLETED,1,
6,Car,2,2025-07-29,08:00:00,16:00:00,Badulla,Workshop,COMPLETED,3,
26,Bus,5,2023-11-07,11:00:00,14:00:00,Ella,Maintenance,COMPLETED,1,
47,Van,10,2022-11-07,15:00:00,22:00:00,Badulla,Medical,REJECTED,2,
8,Truck,2,2025-01-17,08:00:00,09:00:00,Kandy,Official Meeting,CANCELLED,4,
44,Truck,3,2021-09-11,14:00:00,19:00:00,Colombo,Workshop,COMPLETED,1,
25,Car,4,2022-05-04,08:00:00,09:00:00,Badulla,Medical,COMPLETED,5,
15,Car,2,2024-02-09,07:00:00,08:00:00,Ella,Equipment Transport,COMPLETED,1,
32,Car,1,2023-11-09,10:00:00,17:00:00,Matara,Equipment Transport,COMPLETED,5,
25,Car,2,2021-02-18,11:00:00,18:00:00,Ella,Sports Meet,COMPLETED,4,
38,Car,3,2025-07-20,09:00:00,14:00:00,Badulla,Research,APPROVED,1,
50,Bus,43,2023-02-26,11:00:00,18:00:00,Ratnapura,Official Meeting,COMPLETED,4,
38,Truck,2,2021-01-01,14:00:00,22:00:00,Monaragala,Sports Meet,COMPLETED,4,
9,Bus,33,2023-04-23,15:00:00,18:00:00,Matara,Research,REJECTED,2,
4,Mini Bus,26,2023-01-09,09:00:00,12:00:00,Galle,Field Visit,CANCELLED,4,
22,Mini Bus,27,2023-03-25,08:00:00,13:00:00,Bandarawela,Field Visit,COMPLETED,4,
2,Truck,2,2023-07-24,10:00:00,18:00:00,Ratnapura,Community Service,COMPLETED,4,
38,Bus,27,2021-02-22,08:00:00,11:00:00,Ratnapura,Community Service,APPROVED,1,
36,Bus,37,2022-11-12,07:00:00,12:00:00,Kandy,Medical,COMPLETED,4,
13,Truck,3,2021-04-02,13:00:00,14:00:00,Colombo,Medical,COMPLETED,5,
46,Car,1,2021-02-26,12:00:00,18:00:00,Monaragala,Industrial Visit,APPROVED,3,
21,Van,1,2023-12-08,11:00:00,16:00:00,Colombo,Sports Meet,REJECTED,1,
22,Mini Bus,5,2025-12-09,10:00:00,18:00:00,Colombo,Maintenance,COMPLETED,1,
49,Mini Bus,15,2024-03-21,09:00:00,16:00:00,Matara,Student Competition,REJECTED,1,
47,Truck,1,2025-01-02,07:00:00,12:00:00,Nuwara Eliya,Medical,COMPLETED,5,
14,Truck,1,2024-05-03,08:00:00,12:00:00,Badulla,Official Meeting,COMPLETED,1,
25,Van,12,2024-07-07,09:00:00,14:00:00,Matara,Student Competition,COMPLETED,1,
40,Bus,16,2022-09-11,11:00:00,19:00:00,Matara,Research,CANCELLED,4,
12,Truck,3,2023-06-09,11:00:00,17:00:00,Colombo,Maintenance,APPROVED,1,
12,Van,1,2021-08-16,12:00:00,13:00:00,Ratnapura,Official Meeting,REJECTED,2,
45,Mini Bus,9,2025-01-11,12:00:00,13:00:00,Badulla,Sports Meet,REJECTED,2,
40,Truck,1,2025-05-18,09:00:00,14:00:00,Colombo,Maintenance,CANCELLED,3,
18,Car,4,2021-03-30,11:00:00,19:00:00,Monaragala,Sports Meet,COMPLETED,5,
2,Truck,2,2022-06-05,15:00:00,17:00:00,Nuwara Eliya,Equipment Transport,CANCELLED,3,
21,Truck,3,2023-05-18,15:00:00,20:00:00,Bandarawela,Sports Meet,COMPLETED,3,
43,Van,14,2023-02-25,10:00:00,15:00:00,Colombo,Official Meeting,COMPLETED,2,
45,Bus,39,2023-03-24,12:00:00,18:00:00,Ella,Maintenance,COMPLETED,4,
26,Van,5,2023-05-17,12:00:00,19:00:00,Badulla,Community Service,APPROVED,5,
44,Mini Bus,11,2021-02-25,09:00:00,17:00:00,Kandy,Student Competition,COMPLETED,2,
32,Truck,1,2025-06-27,10:00:00,12:00:00,Ella,Maintenance,COMPLETED,5,
16,Mini Bus,22,2021-07-18,11:00:00,13:00:00,Kandy,Official Meeting,APPROVED,3,
39,Car,3,2024-10-21,11:00:00,16:00:00,Colombo,Sports Meet,REJECTED,4,
32,Bus,41,2024-11-06,15:00:00,17:00:00,Monaragala,Student Competition,COMPLETED,4,
11,Truck,2,2024-01-01,12:00:00,13:00:00,Ella,Official Meeting,COMPLETED,5,
7,Car,2,2025-03-06,11:00:00,14:00:00,Matara,Seminar,COMPLETED,2,
30,Van,11,2025-08-30,06:00:00,07:00:00,Colombo,Official Meeting,APPROVED,2,
10,Truck,1,2021-05-18,13:00:00,15:00:00,Ratnapura,Medical,COMPLETED,4,
4,Car,4,2025-03-22,12:00:00,13:00:00,Nuwara Eliya,Official Meeting,APPROVED,1,
3,Van,13,2024-01-20,14:00:00,18:00:00,Badulla,Equipment Transport,APPROVED,2,
26,Van,5,2024-01-24,08:00:00,10:00:00,Nuwara Eliya,Community Service,COMPLETED,1,
48,Bus,20,2021-07-04,10:00:00,18:00:00,Nuwara Eliya,Community Service,COMPLETED,4,
50,Mini Bus,11,2023-08-10,13:00:00,19:00:00,Monaragala,Research,REJECTED,4,
15,Bus,15,2024-07-13,09:00:00,12:00:00,Badulla,Community Service,COMPLETED,1,
42,Van,12,2025-04-27,06:00:00,13:00:00,Colombo,Student Competition,COMPLETED,5,
5,Bus,43,2021-12-28,07:00:00,08:00:00,Bandarawela,Medical,COMPLETED,1,
15,Truck,2,2022-08-21,13:00:00,16:00:00,Badulla,Workshop,COMPLETED,1,
28,Truck,2,2021-07-10,15:00:00,18:00:00,Bandarawela,Student Competition,APPROVED,1,
14,Van,2,2022-04-09,07:00:00,15:00:00,Ratnapura,Official Meeting,APPROVED,5,
12,Mini Bus,12,2024-04-28,12:00:00,17:00:00,Badulla,Student Competition,COMPLETED,2,
2,Car,3,2023-10-24,09:00:00,10:00:00,Bandarawela,Field Visit,APPROVED,4,
48,Mini Bus,3,2022-03-12,14:00:00,16:00:00,Bandarawela,Workshop,COMPLETED,4,
8,Van,5,2022-06-10,13:00:00,14:00:00,Ella,Industrial Visit,REJECTED,3,
50,Van,7,2024-01-10,07:00:00,09:00:00,Badulla,Industrial Visit,REJECTED,2,
48,Van,6,2023-05-10,13:00:00,18:00:00,Bandarawela,Seminar,APPROVED,2,
19,Bus,26,2022-11-01,12:00:00,20:00:00,Galle,Maintenance,REJECTED,4,
12,Mini Bus,4,2022-12-31,08:00:00,09:00:00,Bandarawela,Medical,REJECTED,4,
41,Truck,3,2022-01-22,13:00:00,16:00:00,Galle,Seminar,COMPLETED,2,
30,Car,4,2025-01-07,07:00:00,14:00:00,Badulla,Field Visit,COMPLETED,3,
44,Bus,44,2025-02-06,14:00:00,18:00:00,Kandy,Student Competition,COMPLETED,5,
24,Bus,28,2021-03-26,09:00:00,17:00:00,Galle,Research,APPROVED,5,
34,Truck,1,2024-10-06,06:00:00,09:00:00,Matara,Sports Meet,REJECTED,1,
19,Car,3,2023-09-24,09:00:00,15:00:00,Badulla,Student Competition,COMPLETED,4,
30,Car,2,2023-06-30,07:00:00,15:00:00,Ratnapura,Sports Meet,COMPLETED,4,
49,Car,3,2025-09-29,07:00:00,15:00:00,Badulla,Field Visit,COMPLETED,1,
40,Truck,3,2021-02-20,06:00:00,08:00:00,Ratnapura,Equipment Transport,COMPLETED,5,
25,Truck,1,2021-08-18,13:00:00,19:00:00,Badulla,Official Meeting,APPROVED,3,
47,Truck,3,2023-02-28,15:00:00,22:00:00,Kandy,Maintenance,COMPLETED,1,
42,Mini Bus,1,2024-04-23,11:00:00,17:00:00,Colombo,Student Competition,COMPLETED,1,
47,Bus,11,2025-01-26,13:00:00,16:00:00,Galle,Field Visit,COMPLETED,2,
31,Mini Bus,4,2024-11-14,12:00:00,16:00:00,Monaragala,Maintenance,COMPLETED,4,
30,Bus,41,2025-10-08,15:00:00,17:00:00,Matara,Equipment Transport,COMPLETED,5,
37,Mini Bus,16,2024-09-12,06:00:00,07:00:00,Galle,Community Service,COMPLETED,5,
48,Mini Bus,23,2021-07-15,15:00:00,18:00:00,Ella,Field Visit,COMPLETED,5,
28,Truck,2,2025-10-03,14:00:00,21:00:00,Ratnapura,Maintenance,APPROVED,3,
10,Car,3,2024-06-08,10:00:00,18:00:00,Ella,Medical,COMPLETED,5,
47,Van,14,2025-11-29,14:00:00,20:00:00,Nuwara Eliya,Equipment Transport,COMPLETED,2,
45,Truck,3,2022-09-09,10:00:00,16:00:00,Ella,Maintenance,COMPLETED,2,
50,Truck,3,2022-08-26,11:00:00,13:00:00,Kandy,Student Competition,COMPLETED,5,
35,Car,3,2022-03-03,12:00:00,13:00:00,Bandarawela,Industrial Visit,COMPLETED,1,
20,Bus,13,2024-07-18,10:00:00,13:00:00,Colombo,Research,APPROVED,3,
24,Mini Bus,25,2022-11-24,14:00:00,15:00:00,Matara,Field Visit,COMPLETED,5,
17,Mini Bus,24,2023-09-16,14:00:00,21:00:00,Nuwara Eliya,Maintenance,COMPLETED,1,
37,Car,4,2022-05-16,12:00:00,18:00:00,Badulla,Industrial Visit,APPROVED,2,
50,Truck,2,2025-09-06,09:00:00,15:00:00,Ratnapura,Student Competition,APPROVED,2,
45,Mini Bus,10,2025-03-28,13:00:00,16:00:00,Bandarawela,Research,CANCELLED,5,
19,Bus,25,2022-12-19,06:00:00,13:00:00,Nuwara Eliya,Workshop,COMPLETED,5,
47,Van,1,2024-10-26,11:00:00,19:00:00,Ella,Industrial Visit,COMPLETED,3,
33,Truck,1,2025-08-11,15:00:00,20:00:00,Ratnapura,Student Competition,COMPLETED,3,
34,Truck,1,2023-11-24,08:00:00,10:00:00,Ella,Medical,COMPLETED,4,
44,Bus,23,2025-04-21,09:00:00,13:00:00,Kandy,Seminar,COMPLETED,2,
9,Truck,3,2022-07-09,13:00:00,14:00:00,Kandy,Sports Meet,COMPLETED,5,
26,Truck,1,2023-03-04,06:00:00,12:00:00,Bandarawela,Medical,COMPLETED,3,
33,Bus,34,2023-06-04,11:00:00,19:00:00,Badulla,Workshop,REJECTED,2,
12,Van,9,2021-03-12,07:00:00,09:00:00,Nuwara Eliya,Student Competition,COMPLETED,1,
8,Mini Bus,22,2022-03-06,09:00:00,16:00:00,Monaragala,Student Competition,APPROVED,4,
31,Bus,44,2025-08-19,08:00:00,09:00:00,Kandy,Industrial Visit,COMPLETED,1,
38,Mini Bus,26,2021-09-29,10:00:00,12:00:00,Monaragala,Workshop,COMPLETED,4,
26,Car,4,2024-06-21,11:00:00,12:00:00,Bandarawela,Student Competition,COMPLETED,5,
24,Bus,38,2025-05-25,06:00:00,08:00:00,Nuwara Eliya,Field Visit,COMPLETED,3,
26,Truck,1,2024-12-09,10:00:00,18:00:00,Galle,Equipment Transport,COMPLETED,2,
36,Truck,1,2025-08-31,08:00:00,15:00:00,Colombo,Equipment Transport,COMPLETED,3,
9,Bus,36,2025-05-29,14:00:00,17:00:00,Badulla,Industrial Visit,COMPLETED,4,
15,Truck,3,2024-01-01,07:00:00,12:00:00,Kandy,Official Meeting,COMPLETED,5,
41,Mini Bus,6,2021-06-18,08:00:00,12:00:00,Colombo,Official Meeting,COMPLETED,5,
20,Bus,36,2024-02-05,13:00:00,15:00:00,Bandarawela,Workshop,COMPLETED,5,
44,Car,3,2021-09-11,11:00:00,14:00:00,Monaragala,Field Visit,COMPLETED,1,
23,Mini Bus,11,2024-11-04,13:00:00,21:00:00,Ratnapura,Equipment Transport,COMPLETED,5,
22,Mini Bus,19,2023-02-21,15:00:00,21:00:00,Galle,Research,COMPLETED,2,
25,Mini Bus,23,2024-10-30,12:00:00,17:00:00,Ella,Equipment Transport,APPROVED,4,
33,Car,4,2024-06-09,11:00:00,16:00:00,Nuwara Eliya,Field Visit,COMPLETED,5,
18,Bus,18,2022-09-16,08:00:00,12:00:00,Bandarawela,Maintenance,COMPLETED,1,
39,Truck,3,2024-03-24,06:00:00,13:00:00,Monaragala,Industrial Visit,COMPLETED,5,
27,Truck,2,2025-08-18,08:00:00,14:00:00,Monaragala,Community Service,APPROVED,3,
27,Mini Bus,15,2022-02-15,14:00:00,16:00:00,Kandy,Student Competition,COMPLETED,2,
30,Truck,3,2022-01-09,08:00:00,11:00:00,Ella,Research,COMPLETED,5,
4,Mini Bus,24,2024-12-28,13:00:00,19:00:00,Monaragala,Sports Meet,COMPLETED,3,
35,Van,4,2024-06-07,06:00:00,10:00:00,Kandy,Medical,COMPLETED,4,
47,Bus,3,2022-10-18,11:00:00,13:00:00,Nuwara Eliya,Equipment Transport,APPROVED,3,
26,Truck,3,2022-06-20,15:00:00,18:00:00,Galle,Seminar,COMPLETED,1,
35,Truck,2,2021-07-01,12:00:00,16:00:00,Galle,Seminar,APPROVED,3,
34,Car,4,2021-02-15,15:00:00,16:00:00,Ella,Sports Meet,COMPLETED,1,
11,Truck,3,2025-11-10,10:00:00,14:00:00,Ella,Research,COMPLETED,1,
32,Mini Bus,14,2024-03-22,11:00:00,13:00:00,Matara,Sports Meet,COMPLETED,2,
10,Car,1,2021-01-18,09:00:00,10:00:00,Ratnapura,Community Service,COMPLETED,5,
12,Bus,37,2024-12-13,08:00:00,09:00:00,Colombo,Research,COMPLETED,4,
7,Truck,3,2024-02-16,06:00:00,11:00:00,Monaragala,Sports Meet,COMPLETED,4,
40,Car,2,2022-12-15,09:00:00,16:00:00,Ella,Community Service,APPROVED,2,
12,Truck,3,2024-07-26,14:00:00,19:00:00,Kandy,Sports Meet,COMPLETED,1,
8,Mini Bus,13,2024-03-31,12:00:00,15:00:00,Badulla,Official Meeting,COMPLETED,5,
13,Car,2,2023-02-11,15:00:00,17:00:00,Matara,Community Service,COMPLETED,5,
44,Truck,1,2022-09-29,07:00:00,15:00:00,Ella,Community Service,COMPLETED,1,
46,Car,4,2021-01-18,11:00:00,12:00:00,Nuwara Eliya,Medical,COMPLETED,4,
29,Car,3,2022-04-11,15:00:00,17:00:00,Ella,Workshop,COMPLETED,2,
18,Bus,19,2021-09-11,15:00:00,22:00:00,Monaragala,Industrial Visit,APPROVED,1,
26,Truck,3,2021-12-07,07:00:00,08:00:00,Monaragala,Maintenance,APPROVED,4,
43,Van,2,2023-01-30,08:00:00,15:00:00,Ratnapura,Workshop,COMPLETED,5,
45,Car,3,2024-02-09,15:00:00,20:00:00,Galle,Official Meeting,COMPLETED,5,
18,Car,2,2023-12-26,11:00:00,19:00:00,Colombo,Community Service,COMPLETED,4,
30,Mini Bus,28,2024-09-28,07:00:00,11:00:00,Ella,Field Visit,COMPLETED,4,
12,Van,13,2021-08-28,14:00:00,15:00:00,Galle,Equipment Transport,COMPLETED,1,
7,Mini Bus,16,2023-11-11,15:00:00,22:00:00,Bandarawela,Workshop,COMPLETED,1,
41,Truck,1,2023-04-21,12:00:00,19:00:00,Nuwara Eliya,Workshop,APPROVED,5,
2,Bus,12,2023-05-16,13:00:00,21:00:00,Monaragala,Equipment Transport,REJECTED,5,
41,Van,4,2021-05-21,06:00:00,10:00:00,Ella,Equipment Transport,COMPLETED,2,
27,Bus,11,2025-05-31,07:00:00,12:00:00,Kandy,Equipment Transport,COMPLETED,5,
7,Mini Bus,17,2021-01-14,06:00:00,08:00:00,Nuwara Eliya,Workshop,APPROVED,5,
16,Truck,2,2022-12-07,11:00:00,16:00:00,Ratnapura,Official Meeting,COMPLETED,4,
28,Truck,1,2023-08-30,10:00:00,13:00:00,Nuwara Eliya,Field Visit,COMPLETED,5,
36,Van,6,2024-06-25,07:00:00,12:00:00,Ratnapura,Workshop,COMPLETED,4,
31,Truck,2,2024-01-22,09:00:00,15:00:00,Matara,Community Service,REJECTED,4,
42,Bus,17,2021-05-29,07:00:00,14:00:00,Monaragala,Equipment Transport,APPROVED,3,
46,Car,3,2021-02-05,14:00:00,15:00:00,Colombo,Official Meeting,COMPLETED,4,
32,Van,2,2021-07-01,14:00:00,17:00:00,Kandy,Seminar,COMPLETED,5,
49,Van,3,2024-07-15,09:00:00,17:00:00,Monaragala,Official Meeting,APPROVED,3,
41,Mini Bus,8,2021-09-25,09:00:00,13:00:00,Kandy,Research,APPROVED,1,
50,Bus,44,2025-07-20,13:00:00,14:00:00,Nuwara Eliya,Industrial Visit,APPROVED,3,
33,Truck,2,2024-02-13,13:00:00,18:00:00,Ella,Student Competition,COMPLETED,2,
32,Truck,1,2024-05-08,06:00:00,13:00:00,Nuwara Eliya,Industrial Visit,COMPLETED,4,
22,Mini Bus,15,2024-01-26,07:00:00,15:00:00,Badulla,Industrial Visit,COMPLETED,4,
41,Truck,1,2024-09-11,11:00:00,17:00:00,Colombo,Research,COMPLETED,2,
25,Van,8,2022-09-26,15:00:00,21:00:00,Ella,Sports Meet,COMPLETED,4,
30,Van,6,2021-04-22,12:00:00,17:00:00,Ella,Community Service,COMPLETED,5,
17,Mini Bus,27,2021-03-29,07:00:00,12:00:00,Nuwara Eliya,Medical,REJECTED,2,
2,Mini Bus,26,2025-10-21,08:00:00,16:00:00,Ella,Medical,COMPLETED,5,
21,Truck,3,2023-11-18,11:00:00,19:00:00,Colombo,Student Competition,REJECTED,1,
15,Car,1,2021-07-06,08:00:00,09:00:00,Colombo,Sports Meet,APPROVED,1,
25,Car,3,2023-11-05,10:00:00,16:00:00,Nuwara Eliya,Student Competition,REJECTED,3,
24,Van,1,2023-06-15,12:00:00,14:00:00,Ratnapura,Official Meeting,COMPLETED,5,
22,Mini Bus,25,2021-08-07,10:00:00,16:00:00,Nuwara Eliya,Sports Meet,APPROVED,4,
31,Bus,25,2023-07-08,15:00:00,20:00:00,Ella,Research,COMPLETED,3,
12,Car,4,2021-08-30,07:00:00,09:00:00,Kandy,Official Meeting,COMPLETED,3,
30,Van,10,2021-01-22,12:00:00,17:00:00,Kandy,Maintenance,COMPLETED,4,
10,Car,2,2023-05-23,08:00:00,09:00:00,Monaragala,Equipment Transport,COMPLETED,1,
8,Mini Bus,6,2025-12-29,12:00:00,14:00:00,Bandarawela,Sports Meet,COMPLETED,1,
41,Car,1,2023-10-03,07:00:00,12:00:00,Ella,Field Visit,COMPLETED,4,
30,Van,4,2024-06-25,09:00:00,14:00:00,Ella,Research,COMPLETED,2,
32,Bus,3,2023-10-14,11:00:00,17:00:00,Matara,Student Competition,REJECTED,5,
39,Car,2,2023-10-22,14:00:00,17:00:00,Ratnapura,Sports Meet,COMPLETED,5,
36,Car,3,2025-02-26,11:00:00,19:00:00,Monaragala,Field Visit,COMPLETED,3,
2,Car,3,2024-08-09,08:00:00,13:00:00,Badulla,Student Competition,APPROVED,2,
46,Van,5,2024-12-30,13:00:00,14:00:00,Matara,Sports Meet,COMPLETED,4,
37,Van,10,2025-07-25,09:00:00,10:00:00,Kandy,Official Meeting,COMPLETED,5,
47,Car,4,2022-09-16,09:00:00,12:00:00,Galle,Medical,COMPLETED,1,
20,Car,2,2021-05-14,14:00:00,19:00:00,Nuwara Eliya,Workshop,COMPLETED,1,
42,Mini Bus,5,2023-06-18,10:00:00,12:00:00,Matara,Community Service,COMPLETED,5,
11,Car,2,2024-03-31,11:00:00,12:00:00,Badulla,Student Competition,COMPLETED,1,
48,Van,5,2025-11-23,08:00:00,16:00:00,Badulla,Official Meeting,COMPLETED,1,
21,Car,2,2023-12-14,11:00:00,18:00:00,Matara,Seminar,COMPLETED,1,
19,Van,2,2023-04-30,08:00:00,09:00:00,Galle,Field Visit,COMPLETED,2,
2,Mini Bus,29,2021-06-02,10:00:00,17:00:00,Bandarawela,Maintenance,COMPLETED,4,
31,Mini Bus,24,2022-10-06,06:00:00,10:00:00,Bandarawela,Student Competition,COMPLETED,2,
12,Car,4,2025-10-11,10:00:00,16:00:00,Badulla,Maintenance,REJECTED,5,
14,Bus,17,2024-02-04,13:00:00,18:00:00,Kandy,Industrial Visit,REJECTED,2,
2,Bus,16,2024-05-07,12:00:00,18:00:00,Ella,Workshop,COMPLETED,4,
46,Mini Bus,1,2021-09-21,06:00:00,14:00:00,Ratnapura,Research,COMPLETED,1,
45,Mini Bus,6,2022-04-28,13:00:00,15:00:00,Ratnapura,Seminar,REJECTED,1,
10,Bus,23,2022-05-27,08:00:00,10:00:00,Matara,Official Meeting,COMPLETED,5,
3,Van,13,2021-08-20,13:00:00,17:00:00,Galle,Seminar,APPROVED,3,
36,Bus,32,2023-04-06,13:00:00,18:00:00,Matara,Official Meeting,COMPLETED,5,
40,Van,6,2021-06-22,13:00:00,18:00:00,Nuwara Eliya,Research,COMPLETED,2,
31,Car,3,2023-02-28,10:00:00,16:00:00,Badulla,Equipment Transport,COMPLETED,2,
22,Bus,40,2024-05-21,11:00:00,15:00:00,Bandarawela,Equipment Transport,CANCELLED,4,
41,Mini Bus,17,2024-10-26,13:00:00,16:00:00,Colombo,Seminar,COMPLETED,3,
4,Bus,7,2022-11-08,14:00:00,16:00:00,Ella,Research,REJECTED,2,
4,Bus,32,2021-10-06,09:00:00,11:00:00,Ratnapura,Equipment Transport,APPROVED,4,
5,Truck,3,2023-06-19,15:00:00,20:00:00,Kandy,Official Meeting,COMPLETED,1,
31,Bus,14,2021-01-11,13:00:00,15:00:00,Badulla,Seminar,COMPLETED,4,
35,Van,13,2022-07-21,06:00:00,11:00:00,Badulla,Maintenance,COMPLETED,3,
8,Bus,14,2024-07-28,14:00:00,16:00:00,Monaragala,Student Competition,COMPLETED,2,
37,Truck,3,2022-06-12,09:00:00,12:00:00,Nuwara Eliya,Medical,APPROVED,5,
8,Van,11,2025-05-31,13:00:00,20:00:00,Ella,Research,COMPLETED,5,
24,Van,11,2025-01-29,08:00:00,16:00:00,Kandy,Student Competition,CANCELLED,3,
40,Van,7,2023-06-08,12:00:00,18:00:00,Monaragala,Community Service,COMPLETED,4,
30,Truck,3,2025-03-22,10:00:00,16:00:00,Matara,Medical,COMPLETED,1,
21,Van,10,2021-09-03,06:00:00,09:00:00,Badulla,Workshop,CANCELLED,2,
8,Van,1,2025-04-07,10:00:00,13:00:00,Badulla,Sports Meet,COMPLETED,2,
16,Van,6,2025-03-26,15:00:00,19:00:00,Colombo,Workshop,COMPLETED,4,
32,Truck,1,2024-07-09,07:00:00,13:00:00,Ella,Sports Meet,APPROVED,5,
48,Bus,39,2024-01-22,10:00:00,11:00:00,Ratnapura,Medical,COMPLETED,1,
9,Van,6,2022-05-31,12:00:00,19:00:00,Monaragala,Maintenance,COMPLETED,5,
21,Bus,41,2024-06-17,12:00:00,13:00:00,Nuwara Eliya,Industrial Visit,COMPLETED,5,
11,Mini Bus,11,2022-04-09,14:00:00,18:00:00,Badulla,Equipment Transport,APPROVED,4,
20,Car,1,2021-07-27,09:00:00,16:00:00,Galle,Research,COMPLETED,1,
18,Car,1,2022-05-28,14:00:00,21:00:00,Bandarawela,Medical,COMPLETED,2,
33,Mini Bus,16,2024-10-08,14:00:00,18:00:00,Galle,Equipment Transport,COMPLETED,5,
17,Truck,3,2024-04-23,14:00:00,18:00:00,Bandarawela,Workshop,APPROVED,3,
29,Truck,1,2022-12-07,07:00:00,14:00:00,Kandy,Seminar,COMPLETED,3,
12,Truck,3,2025-02-23,06:00:00,11:00:00,Kandy,Community Service,APPROVED,4,
16,Truck,1,2024-03-10,13:00:00,14:00:00,Monaragala,Equipment Transport,COMPLETED,1,
20,Bus,4,2023-11-07,09:00:00,12:00:00,Badulla,Seminar,COMPLETED,1,
23,Van,8,2021-12-06,13:00:00,14:00:00,Monaragala,Maintenance,COMPLETED,2,
41,Truck,3,2025-10-25,10:00:00,18:00:00,Ella,Maintenance,COMPLETED,1,
5,Car,1,2023-10-22,10:00:00,13:00:00,Colombo,Official Meeting,APPROVED,5,
6,Van,1,2024-02-08,13:00:00,14:00:00,Galle,Equipment Transport,COMPLETED,3,
16,Bus,2,2021-08-05,10:00:00,17:00:00,Galle,Student Competition,CANCELLED,1,
13,Van,8,2022-05-30,15:00:00,17:00:00,Monaragala,Student Competition,CANCELLED,5,
23,Bus,3,2023-07-05,09:00:00,14:00:00,Matara,Medical,APPROVED,1,
42,Van,11,2021-02-04,11:00:00,17:00:00,Colombo,Official Meeting,CANCELLED,5,
26,Van,13,2023-08-30,06:00:00,11:00:00,Badulla,Student Competition,REJECTED,2,
7,Mini Bus,11,2023-05-01,12:00:00,15:00:00,Galle,Student Competition,CANCELLED,5,
29,Mini Bus,14,2021-10-27,09:00:00,12:00:00,Colombo,Community Service,COMPLETED,5,
10,Mini Bus,7,2022-03-16,08:00:00,12:00:00,Colombo,Maintenance,APPROVED,5,
22,Mini Bus,14,2025-09-24,08:00:00,11:00:00,Bandarawela,Student Competition,COMPLETED,1,
50,Mini Bus,11,2025-01-29,08:00:00,09:00:00,Kandy,Medical,CANCELLED,3,
8,Car,3,2024-10-12,08:00:00,12:00:00,Ella,Research,COMPLETED,5,
40,Truck,2,2025-08-28,15:00:00,19:00:00,Monaragala,Official Meeting,COMPLETED,3,
34,Bus,45,2022-10-29,13:00:00,16:00:00,Ratnapura,Sports Meet,APPROVED,3,
32,Mini Bus,28,2021-07-16,12:00:00,20:00:00,Ella,Research,COMPLETED,1,
16,Car,1,2021-10-31,10:00:00,17:00:00,Monaragala,Official Meeting,COMPLETED,4,
17,Truck,2,2024-12-28,11:00:00,19:00:00,Galle,Medical,APPROVED,5,
35,Car,3,2023-07-29,12:00:00,13:00:00,Bandarawela,Sports Meet,COMPLETED,1,
49,Mini Bus,17,2024-01-16,14:00:00,21:00:00,Badulla,Student Competition,COMPLETED,1,
21,Mini Bus,10,2024-02-25,13:00:00,20:00:00,Colombo,Sports Meet,COMPLETED,3,
31,Truck,1,2021-07-13,14:00:00,17:00:00,Matara,Field Visit,APPROVED,1,
27,Mini Bus,25,2023-08-06,15:00:00,18:00:00,Galle,Seminar,COMPLETED,2,
18,Car,2,2024-11-17,13:00:00,15:00:00,Kandy,Maintenance,COMPLETED,2,
42,Bus,6,2024-04-29,07:00:00,15:00:00,Kandy,Field Visit,COMPLETED,4,
37,Truck,3,2024-02-08,08:00:00,15:00:00,Galle,Industrial Visit,APPROVED,3,
11,Truck,3,2024-11-23,08:00:00,11:00:00,Ella,Maintenance,COMPLETED,3,
42,Van,12,2025-09-01,13:00:00,18:00:00,Ella,Field Visit,REJECTED,2,
31,Bus,40,2022-06-04,10:00:00,11:00:00,Matara,Sports Meet,COMPLETED,1,
39,Truck,2,2023-04-22,09:00:00,13:00:00,Matara,Sports Meet,COMPLETED,1,
37,Truck,3,2023-04-07,06:00:00,10:00:00,Colombo,Community Service,COMPLETED,2,
43,Bus,12,2023-06-02,08:00:00,09:00:00,Kandy,Industrial Visit,COMPLETED,1,
7,Truck,3,2022-11-22,10:00:00,16:00:00,Badulla,Field Visit,COMPLETED,2,
31,Mini Bus,22,2021-07-21,10:00:00,13:00:00,Ratnapura,Seminar,REJECTED,1,
6,Van,6,2024-12-12,11:00:00,18:00:00,Galle,Student Competition,COMPLETED,4,
35,Mini Bus,4,2025-05-03,10:00:00,16:00:00,Galle,Student Competition,COMPLETED,2,
32,Truck,1,2022-12-02,07:00:00,09:00:00,Ratnapura,Maintenance,COMPLETED,5,
10,Van,5,2023-01-24,14:00:00,20:00:00,Ratnapura,Community Service,COMPLETED,4,
47,Car,2,2022-08-25,15:00:00,19:00:00,Colombo,Official Meeting,COMPLETED,1,
28,Car,1,2022-12-27,09:00:00,16:00:00,Badulla,Seminar,COMPLETED,2,
18,Bus,41,2023-04-10,09:00:00,14:00:00,Bandarawela,Workshop,COMPLETED,5,
45,Van,13,2025-07-05,06:00:00,08:00:00,Kandy,Seminar,COMPLETED,5,
23,Truck,1,2023-10-08,08:00:00,12:00:00,Kandy,Equipment Transport,COMPLETED,4,
11,Bus,42,2025-02-07,08:00:00,16:00:00,Matara,Student Competition,REJECTED,4,
38,Car,1,2022-07-03,14:00:00,19:00:00,Kandy,Student Competition,COMPLETED,2,
6,Truck,3,2022-06-08,11:00:00,17:00:00,Ella,Workshop,APPROVED,3,
13,Car,2,2023-11-18,15:00:00,22:00:00,Ratnapura,Field Visit,REJECTED,3,
28,Van,12,2025-05-18,06:00:00,11:00:00,Bandarawela,Sports Meet,REJECTED,3,
13,Car,3,2023-08-25,09:00:00,14:00:00,Bandarawela,Seminar,APPROVED,2,
32,Bus,29,2023-10-30,14:00:00,15:00:00,Nuwara Eliya,Research,COMPLETED,4,
8,Truck,2,2023-02-09,11:00:00,14:00:00,Nuwara Eliya,Equipment Transport,CANCELLED,2,
2,Bus,30,2022-01-25,12:00:00,14:00:00,Colombo,Industrial Visit,COMPLETED,5,
8,Bus,22,2025-05-12,13:00:00,14:00:00,Nuwara Eliya,Equipment Transport,APPROVED,1,
14,Truck,2,2022-08-31,09:00:00,15:00:00,Monaragala,Workshop,COMPLETED,3,
12,Car,1,2024-01-02,10:00:00,13:00:00,Colombo,Field Visit,COMPLETED,5,
36,Truck,3,2024-11-16,07:00:00,11:00:00,Kandy,Student Competition,COMPLETED,2,
6,Van,10,2023-04-18,09:00:00,12:00:00,Colombo,Community Service,REJECTED,5,
32,Car,1,2024-01-21,08:00:00,09:00:00,Badulla,Field Visit,COMPLETED,1,
41,Car,4,2022-08-22,08:00:00,16:00:00,Kandy,Workshop,COMPLETED,2,
7,Truck,1,2025-08-31,13:00:00,16:00:00,Matara,Field Visit,COMPLETED,4,
41,Car,2,2022-07-28,09:00:00,12:00:00,Colombo,Seminar,COMPLETED,3,
6,Van,8,2025-07-22,13:00:00,14:00:00,Matara,Field Visit,COMPLETED,4,
34,Mini Bus,10,2021-08-27,11:00:00,14:00:00,Bandarawela,Medical,APPROVED,1,
36,Van,9,2021-03-16,07:00:00,12:00:00,Matara,Medical,COMPLETED,2,
32,Truck,1,2023-04-27,14:00:00,17:00:00,Galle,Field Visit,COMPLETED,5,
36,Car,4,2024-09-15,15:00:00,21:00:00,Monaragala,Research,COMPLETED,1,
22,Truck,2,2023-05-30,07:00:00,15:00:00,Nuwara Eliya,Field Visit,APPROVED,2,
45,Van,7,2023-09-06,07:00:00,09:00:00,Ratnapura,Medical,COMPLETED,1,
50,Bus,14,2025-03-21,08:00:00,09:00:00,Ella,Equipment Transport,COMPLETED,5,
14,Van,7,2024-08-06,15:00:00,22:00:00,Monaragala,Equipment Transport,REJECTED,3,
47,Truck,3,2022-10-10,10:00:00,17:00:00,Kandy,Field Visit,COMPLETED,5,
5,Truck,2,2025-12-30,08:00:00,13:00:00,Kandy,Student Competition,CANCELLED,1,
3,Truck,2,2021-12-24,07:00:00,12:00:00,Monaragala,Medical,APPROVED,4,
26,Van,12,2025-06-04,12:00:00,19:00:00,Galle,Student Competition,COMPLETED,2,
25,Car,2,2023-08-19,09:00:00,16:00:00,Galle,Research,COMPLETED,2,
11,Mini Bus,1,2024-01-30,07:00:00,08:00:00,Matara,Equipment Transport,COMPLETED,2,
46,Bus,9,2023-03-26,12:00:00,20:00:00,Ratnapura,Medical,COMPLETED,4,
26,Truck,2,2022-09-14,14:00:00,22:00:00,Kandy,Official Meeting,COMPLETED,5,
47,Bus,37,2023-10-24,13:00:00,17:00:00,Nuwara Eliya,Workshop,COMPLETED,5,
38,Truck,2,2021-04-21,06:00:00,07:00:00,Matara,Maintenance,COMPLETED,5,
31,Car,1,2025-07-29,08:00:00,13:00:00,Nuwara Eliya,Field Visit,COMPLETED,5,
45,Bus,16,2023-08-01,13:00:00,15:00:00,Nuwara Eliya,Community Service,COMPLETED,1,
31,Van,9,2022-03-18,06:00:00,14:00:00,Nuwara Eliya,Sports Meet,COMPLETED,3,
12,Car,3,2025-01-15,10:00:00,15:00:00,Badulla,Maintenance,REJECTED,3,
39,Truck,2,2023-11-13,06:00:00,14:00:00,Ella,Community Service,COMPLETED,3,
7,Truck,1,2022-09-10,10:00:00,18:00:00,Ella,Student Competition,COMPLETED,3,
19,Van,3,2023-01-02,15:00:00,20:00:00,Colombo,Industrial Visit,APPROVED,5,
44,Mini Bus,30,2025-10-03,15:00:00,18:00:00,Matara,Seminar,APPROVED,3,
23,Mini Bus,16,2024-12-17,08:00:00,09:00:00,Bandarawela,Research,COMPLETED,2,
44,Car,4,2022-06-13,12:00:00,16:00:00,Matara,Maintenance,COMPLETED,2,
43,Truck,3,2022-06-06,11:00:00,12:00:00,Colombo,Field Visit,COMPLETED,4,
49,Car,4,2022-12-25,10:00:00,18:00:00,Nuwara Eliya,Official Meeting,COMPLETED,4,
2,Car,3,2024-03-16,08:00:00,15:00:00,Colombo,Sports Meet,COMPLETED,3,
36,Truck,3,2023-08-22,06:00:00,08:00:00,Kandy,Medical,COMPLETED,3,
18,Van,5,2021-05-27,10:00:00,12:00:00,Ratnapura,Medical,COMPLETED,2,
45,Truck,1,2023-10-29,14:00:00,20:00:00,Ella,Seminar,COMPLETED,1,
35,Bus,1,2024-05-01,12:00:00,14:00:00,Bandarawela,Equipment Transport,COMPLETED,2,
3,Van,5,2022-03-19,09:00:00,10:00:00,Ratnapura,Field Visit,COMPLETED,5,
7,Mini Bus,20,2025-12-15,07:00:00,09:00:00,Ratnapura,Research,COMPLETED,5,
18,Mini Bus,29,2024-01-13,07:00:00,10:00:00,Colombo,Sports Meet,COMPLETED,1,
18,Car,3,2025-03-10,12:00:00,18:00:00,Ella,Field Visit,COMPLETED,1,
18,Car,4,2023-01-29,11:00:00,12:00:00,Colombo,Research,COMPLETED,4,
43,Mini Bus,20,2025-10-15,12:00:00,15:00:00,Matara,Field Visit,COMPLETED,4,
47,Mini Bus,20,2021-02-04,07:00:00,15:00:00,Colombo,Field Visit,COMPLETED,1,
3,Truck,3,2022-04-13,10:00:00,18:00:00,Matara,Research,COMPLETED,1,
11,Bus,43,2022-07-24,12:00:00,17:00:00,Kandy,Medical,COMPLETED,5,
48,Car,4,2024-11-06,12:00:00,19:00:00,Bandarawela,Student Competition,COMPLETED,4,
23,Car,1,2021-07-05,15:00:00,21:00:00,Colombo,Medical,COMPLETED,1,
31,Van,9,2025-09-01,11:00:00,13:00:00,Colombo,Equipment Transport,COMPLETED,5,
46,Bus,25,2024-06-17,09:00:00,14:00:00,Galle,Field Visit,COMPLETED,3,
10,Car,1,2023-01-06,13:00:00,17:00:00,Badulla,Official Meeting,COMPLETED,5,
36,Mini Bus,16,2024-10-21,12:00:00,14:00:00,Colombo,Sports Meet,COMPLETED,4,
23,Bus,3,2023-05-23,11:00:00,12:00:00,Badulla,Medical,COMPLETED,5,
6,Car,2,2022-12-12,15:00:00,19:00:00,Badulla,Maintenance,COMPLETED,1,
2,Car,1,2021-08-17,09:00:00,12:00:00,Ella,Equipment Transport,COMPLETED,3,
39,Bus,30,2021-03-29,15:00:00,18:00:00,Bandarawela,Field Visit,COMPLETED,5,
29,Truck,1,2023-09-17,07:00:00,11:00:00,Kandy,Maintenance,COMPLETED,3,
22,Bus,44,2021-07-02,15:00:00,18:00:00,Monaragala,Industrial Visit,COMPLETED,3,
50,Bus,8,2021-02-10,10:00:00,13:00:00,Galle,Research,COMPLETED,5,
10,Mini Bus,15,2021-04-05,09:00:00,10:00:00,Bandarawela,Equipment Transport,COMPLETED,2,
2,Bus,32,2025-07-19,07:00:00,08:00:00,Ella,Field Visit,APPROVED,5,
15,Van,7,2022-10-03,13:00:00,16:00:00,Ella,Equipment Transport,COMPLETED,4,
40,Car,2,2022-09-20,08:00:00,09:00:00,Ella,Maintenance,COMPLETED,1,
37,Van,6,2024-11-26,12:00:00,13:00:00,Monaragala,Official Meeting,COMPLETED,5,
31,Bus,40,2025-02-25,11:00:00,15:00:00,Monaragala,Workshop,COMPLETED,1,
13,Mini Bus,22,2023-08-25,13:00:00,21:00:00,Ella,Equipment Transport,REJECTED,1,
18,Van,5,2024-03-25,09:00:00,16:00:00,Kandy,Community Service,APPROVED,4,
12,Bus,7,2023-11-25,06:00:00,09:00:00,Badulla,Sports Meet,COMPLETED,1,
28,Mini Bus,24,2022-10-24,13:00:00,19:00:00,Monaragala,Maintenance,COMPLETED,3,
16,Mini Bus,25,2025-11-22,07:00:00,13:00:00,Bandarawela,Official Meeting,APPROVED,2,
39,Car,2,2021-11-02,07:00:00,15:00:00,Matara,Industrial Visit,REJECTED,2,
13,Mini Bus,30,2024-01-07,15:00:00,22:00:00,Galle,Seminar,COMPLETED,2,
10,Van,5,2022-06-17,09:00:00,15:00:00,Badulla,Maintenance,COMPLETED,3,
28,Mini Bus,4,2025-02-14,13:00:00,21:00:00,Ella,Seminar,COMPLETED,3,
38,Truck,1,2023-05-15,15:00:00,18:00:00,Nuwara Eliya,Official Meeting,COMPLETED,5,
31,Car,2,2024-01-10,15:00:00,22:00:00,Colombo,Industrial Visit,APPROVED,2,
39,Mini Bus,11,2025-05-25,12:00:00,16:00:00,Ella,Community Service,REJECTED,4,
29,Bus,3,2021-11-26,13:00:00,14:00:00,Nuwara Eliya,Medical,COMPLETED,1,
37,Car,4,2022-11-04,09:00:00,11:00:00,Badulla,Maintenance,APPROVED,2,
43,Mini Bus,12,2023-09-07,10:00:00,14:00:00,Bandarawela,Industrial Visit,COMPLETED,3,
31,Mini Bus,23,2021-02-04,13:00:00,14:00:00,Matara,Research,REJECTED,4,
47,Mini Bus,26,2022-10-21,11:00:00,19:00:00,Badulla,Equipment Transport,COMPLETED,3,
50,Truck,1,2023-11-03,10:00:00,17:00:00,Colombo,Maintenance,REJECTED,5,
49,Truck,1,2024-04-18,07:00:00,13:00:00,Badulla,Student Competition,REJECTED,3,
31,Bus,8,2021-12-23,12:00:00,18:00:00,Ratnapura,Industrial Visit,COMPLETED,2,
10,Truck,3,2024-06-07,07:00:00,11:00:00,Kandy,Official Meeting,COMPLETED,4,
22,Truck,3,2022-09-30,09:00:00,13:00:00,Kandy,Workshop,COMPLETED,4,
24,Van,1,2024-05-31,07:00:00,13:00:00,Matara,Sports Meet,COMPLETED,1,
45,Car,3,2025-12-07,13:00:00,19:00:00,Bandarawela,Official Meeting,REJECTED,4,
20,Bus,6,2024-01-11,12:00:00,15:00:00,Bandarawela,Field Visit,COMPLETED,1,
35,Mini Bus,16,2025-11-25,08:00:00,12:00:00,Badulla,Workshop,COMPLETED,5,
30,Mini Bus,16,2021-04-08,11:00:00,18:00:00,Badulla,Workshop,COMPLETED,1,
28,Mini Bus,27,2021-05-29,14:00:00,20:00:00,Ratnapura,Seminar,COMPLETED,3,
38,Car,4,2022-06-06,13:00:00,18:00:00,Ella,Workshop,COMPLETED,3,
5,Mini Bus,16,2024-10-25,11:00:00,16:00:00,Ella,Seminar,COMPLETED,2,
13,Truck,1,2023-02-08,14:00:00,19:00:00,Ella,Maintenance,COMPLETED,2,
22,Mini Bus,8,2023-05-05,07:00:00,08:00:00,Ratnapura,Research,COMPLETED,3,
44,Mini Bus,7,2022-10-11,14:00:00,15:00:00,Kandy,Seminar,COMPLETED,4,
9,Truck,1,2022-03-28,14:00:00,19:00:00,Badulla,Medical,REJECTED,2,
49,Car,3,2022-05-16,08:00:00,09:00:00,Nuwara Eliya,Student Competition,COMPLETED,3,
38,Car,3,2022-04-23,15:00:00,18:00:00,Matara,Seminar,COMPLETED,4,
21,Bus,9,2022-07-31,14:00:00,16:00:00,Badulla,Medical,COMPLETED,2,
5,Car,3,2024-12-13,07:00:00,13:00:00,Ratnapura,Equipment Transport,COMPLETED,5,
3,Mini Bus,26,2023-10-30,10:00:00,14:00:00,Bandarawela,Student Competition,APPROVED,1,
22,Truck,2,2025-01-17,09:00:00,17:00:00,Ratnapura,Community Service,COMPLETED,1,
25,Van,7,2024-12-31,08:00:00,15:00:00,Galle,Seminar,COMPLETED,3,
15,Van,5,2023-03-30,13:00:00,15:00:00,Matara,Maintenance,CANCELLED,4,
10,Van,3,2023-04-11,12:00:00,19:00:00,Ratnapura,Community Service,COMPLETED,2,
6,Van,8,2023-06-01,14:00:00,20:00:00,Ratnapura,Medical,COMPLETED,4,
47,Van,7,2023-09-21,08:00:00,16:00:00,Ratnapura,Research,COMPLETED,4,
21,Van,9,2025-03-05,13:00:00,14:00:00,Ratnapura,Workshop,COMPLETED,4,
18,Mini Bus,1,2024-06-10,06:00:00,09:00:00,Colombo,Equipment Transport,APPROVED,4,
13,Bus,42,2022-11-24,10:00:00,17:00:00,Matara,Maintenance,COMPLETED,1,
40,Bus,18,2022-09-10,13:00:00,15:00:00,Kandy,Community Service,COMPLETED,4,
25,Van,11,2023-08-11,13:00:00,15:00:00,Nuwara Eliya,Maintenance,COMPLETED,3,
22,Mini Bus,19,2022-05-25,06:00:00,09:00:00,Matara,Maintenance,COMPLETED,2,
42,Bus,18,2025-07-20,11:00:00,18:00:00,Kandy,Industrial Visit,COMPLETED,5,
50,Bus,33,2024-08-24,09:00:00,12:00:00,Bandarawela,Community Service,APPROVED,5,
19,Van,14,2024-11-09,11:00:00,16:00:00,Kandy,Field Visit,COMPLETED,3,
25,Mini Bus,1,2024-04-25,08:00:00,13:00:00,Matara,Medical,COMPLETED,2,
14,Bus,14,2023-11-27,08:00:00,12:00:00,Nuwara Eliya,Community Service,COMPLETED,5,
28,Truck,3,2025-08-05,14:00:00,16:00:00,Matara,Field Visit,COMPLETED,2,
46,Bus,31,2021-12-12,11:00:00,16:00:00,Kandy,Research,APPROVED,5,
3,Truck,2,2024-07-12,08:00:00,13:00:00,Bandarawela,Official Meeting,COMPLETED,2,
10,Mini Bus,10,2021-11-27,08:00:00,12:00:00,Bandarawela,Medical,COMPLETED,1,
4,Bus,2,2024-06-24,13:00:00,20:00:00,Monaragala,Field Visit,COMPLETED,5,
18,Truck,1,2025-09-01,13:00:00,15:00:00,Badulla,Field Visit,COMPLETED,1,
39,Bus,8,2025-05-17,15:00:00,19:00:00,Monaragala,Research,COMPLETED,1,
24,Bus,10,2025-03-04,10:00:00,16:00:00,Ella,Student Competition,APPROVED,5,
8,Mini Bus,17,2025-09-05,15:00:00,17:00:00,Ratnapura,Industrial Visit,COMPLETED,2,
48,Van,3,2025-08-27,14:00:00,15:00:00,Bandarawela,Official Meeting,REJECTED,4,
30,Van,12,2025-06-29,15:00:00,18:00:00,Bandarawela,Research,APPROVED,4,
28,Car,2,2022-04-15,14:00:00,18:00:00,Bandarawela,Seminar,COMPLETED,1,
47,Truck,1,2025-06-04,13:00:00,19:00:00,Colombo,Student Competition,APPROVED,1,
20,Van,8,2022-07-15,07:00:00,14:00:00,Matara,Community Service,APPROVED,4,
29,Mini Bus,18,2025-09-30,12:00:00,17:00:00,Monaragala,Field Visit,REJECTED,4,
45,Van,3,2024-02-23,06:00:00,14:00:00,Bandarawela,Medical,COMPLETED,1,
46,Bus,10,2024-02-28,12:00:00,19:00:00,Ratnapura,Field Visit,APPROVED,2,
14,Bus,24,2022-03-17,09:00:00,15:00:00,Ratnapura,Medical,COMPLETED,4,
50,Car,3,2022-03-09,15:00:00,20:00:00,Galle,Seminar,COMPLETED,5,
11,Car,4,2022-04-20,14:00:00,19:00:00,Matara,Field Visit,COMPLETED,4,
8,Car,2,2024-11-27,08:00:00,09:00:00,Badulla,Field Visit,COMPLETED,1,
11,Mini Bus,13,2023-04-01,15:00:00,21:00:00,Colombo,Community Service,COMPLETED,1,
20,Truck,2,2023-02-25,13:00:00,17:00:00,Matara,Sports Meet,COMPLETED,5,
50,Van,13,2025-03-09,14:00:00,15:00:00,Badulla,Medical,REJECTED,1,
30,Car,4,2023-02-15,11:00:00,18:00:00,Matara,Industrial Visit,COMPLETED,5,
29,Van,15,2023-05-06,08:00:00,16:00:00,Ella,Workshop,APPROVED,4,
32,Bus,37,2022-11-06,13:00:00,21:00:00,Nuwara Eliya,Research,COMPLETED,4,
41,Van,8,2024-11-14,15:00:00,22:00:00,Kandy,Workshop,COMPLETED,1,
24,Truck,1,2021-02-10,08:00:00,14:00:00,Ratnapura,Industrial Visit,APPROVED,3,
24,Car,1,2025-12-16,12:00:00,18:00:00,Galle,Seminar,COMPLETED,2,
46,Mini Bus,8,2021-01-26,10:00:00,12:00:00,Bandarawela,Workshop,COMPLETED,2,
31,Bus,35,2021-12-23,11:00:00,12:00:00,Galle,Community Service,COMPLETED,4,
22,Van,1,2023-09-03,13:00:00,14:00:00,Galle,Community Service,COMPLETED,5,
23,Bus,32,2025-07-13,07:00:00,11:00:00,Matara,Student Competition,APPROVED,3,
29,Mini Bus,20,2025-10-17,10:00:00,16:00:00,Monaragala,Sports Meet,COMPLETED,1,
5,Truck,1,2023-08-15,10:00:00,15:00:00,Colombo,Community Service,COMPLETED,2,
39,Truck,3,2025-10-17,07:00:00,09:00:00,Kandy,Workshop,COMPLETED,5,
6,Car,4,2023-03-30,09:00:00,15:00:00,Colombo,Student Competition,APPROVED,4,
27,Truck,2,2022-01-15,09:00:00,16:00:00,Colombo,Community Service,COMPLETED,5,
38,Mini Bus,29,2023-01-01,06:00:00,09:00:00,Matara,Official Meeting,COMPLETED,4,
38,Van,15,2022-05-14,14:00:00,21:00:00,Badulla,Student Competition,COMPLETED,4,
29,Mini Bus,8,2024-09-13,08:00:00,13:00:00,Galle,Seminar,REJECTED,1,
20,Mini Bus,28,2024-08-12,12:00:00,17:00:00,Ella,Workshop,COMPLETED,2,
14,Car,2,2023-10-29,07:00:00,10:00:00,Badulla,Official Meeting,APPROVED,3,
29,Car,4,2025-01-13,14:00:00,21:00:00,Badulla,Official Meeting,COMPLETED,2,
43,Bus,17,2022-02-22,10:00:00,13:00:00,Badulla,Maintenance,COMPLETED,1,
6,Bus,6,2023-03-22,11:00:00,16:00:00,Galle,Seminar,COMPLETED,1,
38,Car,2,2022-10-04,09:00:00,11:00:00,Nuwara Eliya,Field Visit,COMPLETED,5,
17,Truck,2,2023-05-05,13:00:00,15:00:00,Ratnapura,Field Visit,APPROVED,3,
49,Van,14,2021-03-06,15:00:00,22:00:00,Monaragala,Medical,COMPLETED,1,
28,Mini Bus,7,2022-03-24,10:00:00,18:00:00,Colombo,Community Service,COMPLETED,5,
36,Van,12,2024-11-20,07:00:00,13:00:00,Galle,Sports Meet,COMPLETED,3,
21,Mini Bus,12,2022-05-21,13:00:00,19:00:00,Badulla,Equipment Transport,CANCELLED,5,
18,Bus,43,2024-06-05,06:00:00,10:00:00,Nuwara Eliya,Medical,COMPLETED,3,
26,Bus,35,2022-01-05,09:00:00,17:00:00,Badulla,Medical,REJECTED,3,
15,Van,2,2023-02-04,09:00:00,14:00:00,Ella,Sports Meet,COMPLETED,4,
32,Bus,18,2022-03-31,07:00:00,15:00:00,Galle,Seminar,APPROVED,1,
24,Mini Bus,23,2025-04-13,10:00:00,12:00:00,Galle,Community Service,APPROVED,5,
43,Van,8,2024-06-05,06:00:00,07:00:00,Ella,Equipment Transport,COMPLETED,2,
22,Bus,26,2025-07-28,09:00:00,14:00:00,Ratnapura,Field Visit,COMPLETED,2,
22,Truck,3,2023-05-08,08:00:00,15:00:00,Matara,Sports Meet,REJECTED,2,
20,Van,3,2022-11-17,15:00:00,21:00:00,Monaragala,Field Visit,COMPLETED,2,
3,Car,4,2021-04-07,15:00:00,19:00:00,Badulla,Student Competition,COMPLETED,2,
46,Bus,30,2021-09-26,09:00:00,14:00:00,Ella,Industrial Visit,COMPLETED,4,
25,Truck,2,2021-06-12,08:00:00,10:00:00,Ella,Community Service,COMPLETED,5,
16,Car,4,2021-03-18,13:00:00,15:00:00,Monaragala,Official Meeting,REJECTED,3,
10,Van,12,2025-01-17,13:00:00,20:00:00,Galle,Official Meeting,COMPLETED,3,
11,Mini Bus,14,2023-07-10,08:00:00,15:00:00,Badulla,Workshop,CANCELLED,2,
39,Truck,2,2022-04-02,09:00:00,15:00:00,Matara,Field Visit,COMPLETED,2,
47,Van,12,2023-09-16,12:00:00,16:00:00,Galle,Maintenance,COMPLETED,5,
5,Van,2,2022-08-01,07:00:00,08:00:00,Kandy,Official Meeting,COMPLETED,3,
2,Truck,3,2022-04-05,15:00:00,16:00:00,Colombo,Student Competition,COMPLETED,3,
39,Car,3,2021-08-22,08:00:00,09:00:00,Ella,Workshop,COMPLETED,4,
7,Van,15,2024-02-07,13:00:00,16:00:00,Kandy,Maintenance,COMPLETED,2,
10,Van,2,2022-05-01,11:00:00,12:00:00,Matara,Workshop,APPROVED,4,
35,Van,15,2024-12-28,10:00:00,15:00:00,Kandy,Medical,REJECTED,3,
5,Car,2,2025-03-04,14:00:00,22:00:00,Monaragala,Research,COMPLETED,2,
47,Bus,31,2024-05-27,10:00:00,13:00:00,Matara,Medical,COMPLETED,4,
31,Bus,29,2022-09-10,11:00:00,19:00:00,Matara,Field Visit,APPROVED,2,
20,Bus,23,2024-02-17,07:00:00,11:00:00,Ella,Research,APPROVED,3,
39,Truck,3,2025-02-16,15:00:00,19:00:00,Badulla,Student Competition,APPROVED,2,
45,Car,1,2025-11-11,09:00:00,17:00:00,Bandarawela,Seminar,COMPLETED,1,
22,Car,3,2021-06-23,15:00:00,17:00:00,Ella,Industrial Visit,COMPLETED,4,
23,Car,3,2023-01-21,15:00:00,16:00:00,Badulla,Equipment Transport,COMPLETED,4,
15,Van,12,2024-04-30,15:00:00,18:00:00,Badulla,Equipment Transport,COMPLETED,1,
7,Bus,36,2024-11-28,15:00:00,22:00:00,Galle,Workshop,COMPLETED,4,
26,Bus,2,2024-10-05,09:00:00,12:00:00,Galle,Workshop,COMPLETED,2,
49,Bus,20,2023-12-22,13:00:00,20:00:00,Colombo,Equipment Transport,COMPLETED,3,
33,Bus,24,2022-04-22,14:00:00,18:00:00,Matara,Medical,COMPLETED,5,
25,Truck,2,2021-12-22,07:00:00,14:00:00,Ratnapura,Research,COMPLETED,4,
31,Bus,3,2024-10-11,14:00:00,20:00:00,Monaragala,Equipment Transport,COMPLETED,2,
29,Car,1,2022-07-17,10:00:00,18:00:00,Bandarawela,Sports Meet,COMPLETED,2,
20,Van,14,2023-02-11,09:00:00,16:00:00,Ratnapura,Industrial Visit,COMPLETED,1,
28,Truck,1,2021-05-20,14:00:00,21:00:00,Bandarawela,Sports Meet,COMPLETED,5,
34,Van,6,2024-05-19,10:00:00,12:00:00,Badulla,Field Visit,APPROVED,4,
4,Mini Bus,26,2025-04-14,08:00:00,15:00:00,Bandarawela,Medical,REJECTED,3,
41,Van,10,2022-04-20,13:00:00,21:00:00,Colombo,Seminar,CANCELLED,2,
45,Mini Bus,6,2025-03-15,07:00:00,12:00:00,Bandarawela,Medical,COMPLETED,1,
43,Car,1,2021-10-05,06:00:00,09:00:00,Matara,Sports Meet,COMPLETED,5,
46,Car,3,2024-05-20,15:00:00,21:00:00,Galle,Workshop,COMPLETED,2,
46,Bus,13,2022-01-27,07:00:00,08:00:00,Monaragala,Industrial Visit,COMPLETED,2,
7,Mini Bus,14,2021-03-19,14:00:00,18:00:00,Colombo,Sports Meet,COMPLETED,4,
49,Bus,8,2021-12-27,08:00:00,11:00:00,Matara,Sports Meet,COMPLETED,4,
38,Truck,1,2024-09-10,09:00:00,14:00:00,Galle,Industrial Visit,COMPLETED,1,
4,Car,4,2022-04-25,13:00:00,18:00:00,Matara,Medical,COMPLETED,5,
47,Truck,3,2023-04-05,13:00:00,17:00:00,Badulla,Student Competition,COMPLETED,5,
43,Van,9,2025-12-01,07:00:00,12:00:00,Galle,Sports Meet,COMPLETED,5,
12,Van,8,2024-04-05,12:00:00,13:00:00,Colombo,Maintenance,COMPLETED,3,
39,Car,2,2023-09-25,14:00:00,18:00:00,Kandy,Community Service,REJECTED,4,
28,Mini Bus,29,2024-03-03,10:00:00,17:00:00,Kandy,Sports Meet,APPROVED,2,
44,Truck,1,2024-02-05,10:00:00,12:00:00,Matara,Research,COMPLETED,2,
33,Truck,2,2024-08-19,07:00:00,14:00:00,Colombo,Official Meeting,COMPLETED,1,
45,Bus,23,2022-09-06,10:00:00,16:00:00,Ella,Research,APPROVED,5,
9,Bus,5,2025-12-01,11:00:00,18:00:00,Ratnapura,Official Meeting,COMPLETED,2,
4,Car,3,2021-07-31,11:00:00,17:00:00,Nuwara Eliya,Workshop,REJECTED,5,
30,Truck,3,2023-07-08,07:00:00,08:00:00,Matara,Field Visit,CANCELLED,5,
34,Truck,1,2023-11-11,14:00:00,15:00:00,Bandarawela,Research,COMPLETED,2,
50,Van,3,2025-02-01,10:00:00,18:00:00,Nuwara Eliya,Sports Meet,APPROVED,1,
10,Mini Bus,21,2025-01-24,11:00:00,17:00:00,Bandarawela,Official Meeting,COMPLETED,4,
20,Bus,16,2024-01-08,13:00:00,19:00:00,Nuwara Eliya,Research,COMPLETED,3,
50,Car,3,2025-11-25,09:00:00,12:00:00,Nuwara Eliya,Medical,APPROVED,2,
35,Car,4,2023-03-05,12:00:00,20:00:00,Kandy,Industrial Visit,COMPLETED,1,
22,Truck,1,2025-12-09,07:00:00,13:00:00,Galle,Research,COMPLETED,4,
42,Bus,43,2024-01-04,08:00:00,09:00:00,Nuwara Eliya,Workshop,COMPLETED,5,
2,Van,12,2024-11-24,11:00:00,17:00:00,Colombo,Student Competition,COMPLETED,2,
46,Car,4,2024-02-25,09:00:00,17:00:00,Kandy,Equipment Transport,COMPLETED,2,
26,Van,2,2024-04-24,06:00:00,12:00:00,Ella,Student Competition,CANCELLED,3,
35,Mini Bus,3,2022-12-09,14:00:00,19:00:00,Kandy,Equipment Transport,COMPLETED,1,
21,Truck,3,2023-12-09,10:00:00,14:00:00,Galle,Student Competition,COMPLETED,1,
9,Van,5,2025-12-15,14:00:00,20:00:00,Badulla,Equipment Transport,REJECTED,4,
23,Van,10,2022-04-17,06:00:00,14:00:00,Monaragala,Maintenance,CANCELLED,5,
21,Truck,3,2024-04-10,09:00:00,15:00:00,Colombo,Equipment Transport,APPROVED,5,
8,Mini Bus,23,2023-05-21,12:00:00,16:00:00,Kandy,Student Competition,COMPLETED,3,
28,Car,1,2021-12-17,08:00:00,15:00:00,Bandarawela,Field Visit,COMPLETED,2,
25,Car,2,2023-01-13,13:00:00,15:00:00,Nuwara Eliya,Medical,COMPLETED,5,
42,Car,3,2023-09-01,15:00:00,22:00:00,Galle,Sports Meet,COMPLETED,4,
33,Car,2,2021-08-28,08:00:00,11:00:00,Matara,Research,CANCELLED,5,
32,Truck,1,2025-05-28,09:00:00,17:00:00,Badulla,Maintenance,COMPLETED,5,
9,Van,15,2024-07-02,07:00:00,14:00:00,Bandarawela,Seminar,COMPLETED,1,
21,Truck,1,2021-04-18,07:00:00,13:00:00,Kandy,Workshop,COMPLETED,1,
5,Mini Bus,5,2023-04-10,15:00:00,22:00:00,Colombo,Workshop,COMPLETED,4,
6,Bus,8,2025-03-16,14:00:00,20:00:00,Badulla,Medical,COMPLETED,3,
32,Truck,2,2023-06-10,11:00:00,18:00:00,Ratnapura,Research,APPROVED,5,
48,Car,4,2023-12-24,13:00:00,16:00:00,Kandy,Field Visit,APPROVED,5,
23,Car,4,2023-10-14,09:00:00,16:00:00,Nuwara Eliya,Industrial Visit,CANCELLED,4,
47,Van,11,2024-03-23,07:00:00,10:00:00,Badulla,Community Service,COMPLETED,3,
14,Truck,3,2022-12-10,07:00:00,09:00:00,Ratnapura,Student Competition,COMPLETED,1,
34,Truck,3,2024-07-31,09:00:00,17:00:00,Badulla,Field Visit,COMPLETED,5,
17,Mini Bus,1,2022-01-03,10:00:00,14:00:00,Ratnapura,Sports Meet,COMPLETED,5,
33,Truck,2,2022-10-18,12:00:00,13:00:00,Badulla,Seminar,COMPLETED,4,
18,Bus,34,2021-04-15,11:00:00,18:00:00,Bandarawela,Field Visit,CANCELLED,5,
18,Mini Bus,10,2022-03-09,08:00:00,11:00:00,Bandarawela,Research,COMPLETED,4,
13,Mini Bus,2,2023-09-08,15:00:00,21:00:00,Badulla,Maintenance,COMPLETED,4,
22,Bus,21,2025-10-12,08:00:00,15:00:00,Colombo,Medical,REJECTED,1,
33,Bus,13,2023-10-27,09:00:00,13:00:00,Nuwara Eliya,Student Competition,COMPLETED,1,
37,Van,1,2022-07-20,11:00:00,19:00:00,Galle,Field Visit,COMPLETED,4,
37,Mini Bus,30,2024-11-01,06:00:00,11:00:00,Ratnapura,Equipment Transport,COMPLETED,5,
30,Mini Bus,10,2025-03-30,15:00:00,22:00:00,Bandarawela,Equipment Transport,COMPLETED,2,
36,Van,9,2025-12-14,08:00:00,12:00:00,Galle,Student Competition,COMPLETED,1,
5,Car,3,2024-05-16,08:00:00,09:00:00,Matara,Workshop,COMPLETED,4,
4,Van,14,2022-11-07,09:00:00,14:00:00,Ella,Maintenance,COMPLETED,1,
10,Van,2,2023-06-21,12:00:00,14:00:00,Nuwara Eliya,Workshop,REJECTED,2,
42,Truck,3,2025-01-02,11:00:00,17:00:00,Colombo,Maintenance,COMPLETED,2,
40,Van,6,2025-09-17,09:00:00,17:00:00,Kandy,Industrial Visit,REJECTED,2,
2,Bus,39,2021-07-16,13:00:00,14:00:00,Ella,Medical,COMPLETED,4,
44,Car,1,2024-03-23,07:00:00,08:00:00,Matara,Equipment Transport,COMPLETED,4,
46,Truck,2,2023-02-27,12:00:00,15:00:00,Badulla,Field Visit,COMPLETED,2,
50,Car,1,2024-06-20,09:00:00,10:00:00,Colombo,Equipment Transport,REJECTED,3,
47,Mini Bus,3,2025-05-06,15:00:00,20:00:00,Monaragala,Official Meeting,CANCELLED,3,
2,Bus,18,2021-12-19,13:00:00,17:00:00,Monaragala,Equipment Transport,COMPLETED,3,
37,Truck,3,2025-05-30,13:00:00,16:00:00,Monaragala,Equipment Transport,APPROVED,5,
49,Truck,1,2023-06-23,07:00:00,10:00:00,Bandarawela,Research,COMPLETED,5,
14,Mini Bus,29,2021-03-03,14:00:00,19:00:00,Badulla,Maintenance,COMPLETED,5,
2,Van,11,2022-10-14,14:00:00,22:00:00,Galle,Equipment Transport,COMPLETED,1,
9,Van,7,2023-09-17,12:00:00,17:00:00,Nuwara Eliya,Sports Meet,COMPLETED,5,
28,Bus,15,2025-04-05,06:00:00,11:00:00,Nuwara Eliya,Sports Meet,COMPLETED,4,
49,Mini Bus,11,2025-07-21,07:00:00,08:00:00,Monaragala,Maintenance,COMPLETED,1,
21,Mini Bus,7,2022-10-22,08:00:00,14:00:00,Bandarawela,Equipment Transport,COMPLETED,1,
18,Car,4,2024-01-21,06:00:00,12:00:00,Monaragala,Field Visit,COMPLETED,3,
6,Bus,22,2024-02-06,14:00:00,18:00:00,Ratnapura,Community Service,COMPLETED,1,
4,Car,1,2024-02-20,07:00:00,08:00:00,Galle,Seminar,REJECTED,1,
21,Mini Bus,2,2025-01-01,13:00:00,14:00:00,Ratnapura,Equipment Transport,COMPLETED,1,
26,Bus,36,2022-03-03,06:00:00,11:00:00,Galle,Field Visit,COMPLETED,4,
31,Mini Bus,28,2022-06-25,15:00:00,16:00:00,Galle,Sports Meet,APPROVED,5,
31,Truck,1,2024-10-23,11:00:00,12:00:00,Nuwara Eliya,Seminar,COMPLETED,1,
39,Bus,1,2022-06-24,15:00:00,17:00:00,Monaragala,Community Service,COMPLETED,5,
48,Van,6,2021-05-14,12:00:00,20:00:00,Ratnapura,Sports Meet,COMPLETED,2,
39,Bus,4,2023-01-26,08:00:00,13:00:00,Galle,Student Competition,CANCELLED,3,
11,Van,10,2022-01-26,14:00:00,17:00:00,Matara,Workshop,COMPLETED,3,
5,Van,1,2023-12-28,14:00:00,17:00:00,Monaragala,Student Competition,APPROVED,5,
14,Bus,28,2022-08-07,11:00:00,15:00:00,Monaragala,Field Visit,COMPLETED,4,
41,Car,3,2025-06-16,15:00:00,21:00:00,Colombo,Medical,COMPLETED,1,
2,Car,1,2021-01-09,13:00:00,17:00:00,Monaragala,Maintenance,COMPLETED,5,
49,Mini Bus,8,2022-03-08,13:00:00,19:00:00,Galle,Official Meeting,COMPLETED,1,
3,Van,1,2022-07-15,07:00:00,13:00:00,Nuwara Eliya,Field Visit,COMPLETED,4,
4,Mini Bus,21,2022-10-25,15:00:00,21:00:00,Badulla,Official Meeting,COMPLETED,2,
23,Mini Bus,29,2024-05-01,10:00:00,13:00:00,Nuwara Eliya,Official Meeting,COMPLETED,1,
3,Mini Bus,27,2023-08-19,10:00:00,12:00:00,Ella,Medical,COMPLETED,1,
31,Van,15,2021-07-23,09:00:00,14:00:00,Monaragala,Seminar,APPROVED,2,
9,Truck,3,2021-04-02,12:00:00,14:00:00,Ella,Research,APPROVED,2,
40,Truck,2,2024-06-19,11:00:00,17:00:00,Galle,Equipment Transport,COMPLETED,1,
11,Truck,3,2025-12-15,09:00:00,14:00:00,Kandy,Official Meeting,COMPLETED,3,
15,Mini Bus,28,2022-03-27,14:00:00,22:00:00,Bandarawela,Sports Meet,APPROVED,5,
50,Bus,11,2023-02-02,14:00:00,21:00:00,Nuwara Eliya,Seminar,COMPLETED,4,
47,Mini Bus,11,2025-09-28,11:00:00,19:00:00,Matara,Sports Meet,COMPLETED,4,
16,Truck,3,2022-06-19,06:00:00,10:00:00,Monaragala,Sports Meet,REJECTED,4,
38,Mini Bus,10,2023-02-17,12:00:00,19:00:00,Ella,Seminar,COMPLETED,1,
30,Mini Bus,25,2022-04-20,07:00:00,12:00:00,Nuwara Eliya,Seminar,COMPLETED,1,
31,Car,3,2021-02-24,12:00:00,20:00:00,Galle,Medical,COMPLETED,4,
13,Van,5,2024-01-10,12:00:00,13:00:00,Matara,Official Meeting,COMPLETED,1,
34,Van,15,2021-04-16,07:00:00,12:00:00,Nuwara Eliya,Student Competition,COMPLETED,3,
25,Mini Bus,4,2023-10-06,07:00:00,09:00:00,Badulla,Student Competition,COMPLETED,2,
14,Van,5,2021-02-15,10:00:00,15:00:00,Ratnapura,Research,CANCELLED,5,
24,Van,1,2023-12-21,10:00:00,15:00:00,Galle,Medical,APPROVED,1,
16,Car,2,2022-04-26,12:00:00,16:00:00,Monaragala,Sports Meet,COMPLETED,5,
7,Truck,2,2022-07-06,13:00:00,19:00:00,Kandy,Official Meeting,COMPLETED,4,
25,Mini Bus,15,2024-05-25,13:00:00,14:00:00,Ella,Community Service,REJECTED,3,
16,Bus,32,2025-05-24,11:00:00,17:00:00,Galle,Medical,COMPLETED,4,
38,Truck,2,2024-07-09,11:00:00,12:00:00,Badulla,Research,COMPLETED,3,
26,Truck,3,2023-03-06,15:00:00,22:00:00,Monaragala,Medical,COMPLETED,4,
38,Mini Bus,16,2021-03-20,07:00:00,13:00:00,Matara,Equipment Transport,REJECTED,1,
4,Mini Bus,4,2025-12-09,14:00:00,17:00:00,Ratnapura,Sports Meet,COMPLETED,2,
16,Bus,25,2023-10-01,10:00:00,14:00:00,Colombo,Equipment Transport,COMPLETED,4,
12,Bus,24,2025-08-17,14:00:00,15:00:00,Kandy,Medical,COMPLETED,1,
49,Mini Bus,18,2023-01-06,12:00:00,20:00:00,Bandarawela,Medical,CANCELLED,2,
29,Mini Bus,28,2022-04-06,09:00:00,14:00:00,Matara,Research,COMPLETED,3,
19,Truck,1,2021-06-11,14:00:00,22:00:00,Monaragala,Industrial Visit,CANCELLED,4,
35,Bus,26,2021-05-30,15:00:00,19:00:00,Kandy,Community Service,REJECTED,4,
43,Car,1,2021-03-12,07:00:00,12:00:00,Matara,Seminar,APPROVED,3,
13,Car,2,2025-08-17,12:00:00,16:00:00,Ratnapura,Maintenance,COMPLETED,4,
27,Mini Bus,23,2023-06-04,15:00:00,17:00:00,Badulla,Official Meeting,REJECTED,2,
44,Van,15,2024-02-01,14:00:00,19:00:00,Bandarawela,Maintenance,APPROVED,2,
25,Car,4,2025-12-14,14:00:00,16:00:00,Bandarawela,Field Visit,COMPLETED,3,
15,Car,4,2021-09-01,08:00:00,13:00:00,Nuwara Eliya,Industrial Visit,COMPLETED,1,
14,Car,4,2024-01-19,11:00:00,18:00:00,Galle,Industrial Visit,COMPLETED,1,
31,Mini Bus,11,2021-05-12,13:00:00,21:00:00,Bandarawela,Field Visit,COMPLETED,2,
12,Car,2,2022-09-19,13:00:00,18:00:00,Ella,Industrial Visit,COMPLETED,2,
12,Van,2,2021-07-26,14:00:00,21:00:00,Bandarawela,Equipment Transport,APPROVED,3,
15,Mini Bus,15,2023-03-21,11:00:00,14:00:00,Badulla,Equipment Transport,COMPLETED,4,
26,Bus,41,2025-11-24,14:00:00,16:00:00,Colombo,Sports Meet,COMPLETED,1,
25,Bus,25,2022-07-18,09:00:00,13:00:00,Monaragala,Official Meeting,COMPLETED,4,
45,Bus,1,2023-01-01,11:00:00,15:00:00,Bandarawela,Official Meeting,CANCELLED,1,
28,Mini Bus,24,2024-06-11,08:00:00,09:00:00,Nuwara Eliya,Field Visit,APPROVED,3,
36,Truck,3,2021-09-01,09:00:00,13:00:00,Galle,Medical,COMPLETED,2,
2,Bus,23,2024-08-05,11:00:00,14:00:00,Galle,Equipment Transport,COMPLETED,4,
44,Mini Bus,15,2024-02-25,09:00:00,11:00:00,Colombo,Equipment Transport,COMPLETED,1,
40,Bus,14,2024-02-17,12:00:00,17:00:00,Matara,Field Visit,APPROVED,5,
42,Mini Bus,9,2021-11-08,07:00:00,13:00:00,Galle,Equipment Transport,REJECTED,2,
6,Van,3,2021-10-13,11:00:00,19:00:00,Kandy,Industrial Visit,COMPLETED,5,
34,Car,4,2021-01-02,14:00:00,18:00:00,Ratnapura,Maintenance,CANCELLED,2,
17,Bus,40,2021-04-09,07:00:00,12:00:00,Galle,Official Meeting,COMPLETED,1,
14,Mini Bus,12,2023-09-28,13:00:00,18:00:00,Ella,Medical,COMPLETED,1,
49,Mini Bus,30,2022-08-14,15:00:00,22:00:00,Kandy,Research,COMPLETED,1,
16,Truck,2,2025-09-16,10:00:00,11:00:00,Kandy,Seminar,COMPLETED,5,
40,Bus,43,2024-10-09,09:00:00,13:00:00,Galle,Student Competition,COMPLETED,4,
14,Bus,5,2025-12-17,13:00:00,15:00:00,Badulla,Equipment Transport,CANCELLED,2,
17,Mini Bus,3,2025-05-28,08:00:00,12:00:00,Nuwara Eliya,Field Visit,COMPLETED,4,
29,Van,3,2023-02-07,09:00:00,13:00:00,Ella,Community Service,COMPLETED,3,
32,Truck,2,2025-08-09,09:00:00,14:00:00,Bandarawela,Seminar,COMPLETED,2,
50,Car,4,2022-02-16,12:00:00,19:00:00,Ella,Sports Meet,COMPLETED,4,
37,Car,1,2021-11-25,10:00:00,13:00:00,Ella,Workshop,COMPLETED,3,
6,Car,3,2024-02-27,12:00:00,20:00:00,Kandy,Research,APPROVED,2,
2,Mini Bus,30,2024-01-25,09:00:00,10:00:00,Nuwara Eliya,Maintenance,APPROVED,4,
26,Car,4,2023-07-06,12:00:00,18:00:00,Matara,Workshop,COMPLETED,5,
26,Bus,27,2024-01-31,06:00:00,08:00:00,Ratnapura,Research,COMPLETED,4,
42,Van,13,2022-02-19,11:00:00,19:00:00,Kandy,Maintenance,COMPLETED,4,
4,Car,2,2025-05-02,09:00:00,17:00:00,Kandy,Equipment Transport,APPROVED,1,
