resource_name,resource_type,capacity,faculty_name,department_name,facilities,location
A1/Smart,Lecture Hall,112,Faculty of Applied Sciences,Department of Computer Science & Informatics,Smart Board,A Block
B-MLT,Auditorium,400,Faculty of Management,Department of Management Sciences,Huge Space,B Block
C1 Computer Lab,Lab,20,Faculty of Applied Sciences,Department of Computer Science & Informatics,Computers,C Block
D1/Smart,Lecture Hall,110,Faculty of Applied Sciences,Department of Computer Science & Informatics,Interactive Board,D Block
E1,Lecture Hall,600,Faculty of Applied Sciences,Department of Computer Science & Informatics,Huge Space,E Block
FTS-CAD CAM Lab,Lab,100,Faculty of Technological Studies,Department of Engineering Technology,CAD CAM,FTS Building
GIS Lab,Lab,42,Faculty of Applied Sciences,Department of Computer Science & Informatics,"GIS Software, PCs",E Block
TMLT,Auditorium,200,Faculty of Technological Studies,Department of Engineering Technology,Main Lecture Theatre,FTS Building
LH 11 (Down),Lecture Hall,196,Faculty of Applied Sciences,Department of Computer Science & Informatics,Fans,ASB (Behind G Canteen)
TLH1,Lecture Hall,100,Faculty of Technological Studies,Department of Information & Communication Technology,"Smart Board,Fans",FTS Building
TLH2,Lecture Hall,101,Faculty of Technological Studies,Department of Information & Communication Technology,"Smart Board,Fans",FTS Building
TLH3,Lecture Hall,150,Faculty of Technological Studies,Department of Information & Communication Technology,"Smart Board,Fans",FTS Building
CAD/CAM,Computer Lab,100,Faculty of Technological Studies,Department of Information & Communication Technology,"Computers,Smart Board,AC",FTS Building
F1,Lecture Hall,150,Faculty of Technological Studies,Department of Information & Communication Technology,"Smart Board,Fans",F Block
F2,Lecture Hall,200,Faculty of Technological Studies,Department of Information & Communication Technology,"Smart Board,Fans",FTS Building
F3,Lecture Hall,100,Faculty of Technological Studies,Department of Information & Communication Technology,"Smart Board,Fans",FTS Building
,,,,,,
