first_name,last_name,email,password,contact_number,reg_no,batch_code,is_active
Nimal,Silva,nimal.silva@example.com,Pass@123,771234567,UWU/ICT/21/001,ICT-21,TRUE
Saman,Kumara,saman.kumara@example.com,Pass@123,779876543,UWU/ICT/21/002,ICT-21,TRUE
Kasun,Perera,kasun.perera@example.com,Pass@123,772345678,UWU/ICT/21/003,ICT-21,TRUE
Tharindu,Fernando,tharindu.fernando@example.com,Pass@123,773456789,UWU/ICT/21/004,ICT-21,TRUE
Amila,Gamage,amila.gamage@example.com,Pass@123,774567890,UWU/ICT/21/005,ICT-21,TRUE
Sanduni,Wijesinghe,sanduni.wije@example.com,Pass@123,775678901,UWU/ICT/21/006,ICT-21,TRUE
Nadeesha,Herath,nadeesha.herath@example.com,Pass@123,776789012,UWU/ICT/21/007,ICT-21,TRUE
Chathura,Jayawardena,chathura.jaya@example.com,Pass@123,777890123,UWU/ICT/21/008,ICT-21,TRUE
Dilini,Rathnayake,dilini.rath@example.com,Pass@123,778901234,UWU/ICT/21/009,ICT-21,TRUE
Sajith,Kulasekara,sajith.kula@example.com,Pass@123,779012345,UWU/ICT/21/010,ICT-21,FALSE
Kavindu,Perera,kavindu.perera@example.com,Pass@123,771112223,UWU/ICT/22/001,ICT-22,TRUE
Sachini,Fernando,sachini.fernando@example.com,Pass@123,772223334,UWU/ICT/22/002,ICT-22,TRUE
Ravindu,Silva,ravindu.silva@example.com,Pass@123,773334445,UWU/ICT/22/003,ICT-22,TRUE
Ishara,Wijesinghe,ishara.wije@example.com,Pass@123,774445556,UWU/ICT/22/004,ICT-22,TRUE
Malsha,Jayasinghe,malsha.jaya@example.com,Pass@123,775556667,UWU/ICT/22/005,ICT-22,TRUE
Dinesh,Perera,dinesh.perera@example.com,Pass@123,771111111,UWU/ICT/23/001,ICT-23,TRUE
Thilini,Silva,thilini.silva@example.com,Pass@123,772222222,UWU/ICT/23/002,ICT-23,TRUE
Rashmi,Fernando,rashmi.fernando@example.com,Pass@123,773333333,UWU/ICT/23/003,ICT-23,FALSE
Akila,Kumara,akila.kumara@example.com,Pass@123,774444444,UWU/ICT/23/004,ICT-23,TRUE
Nuwan,Jayasinghe,nuwan.jaya@example.com,Pass@123,775555555,UWU/ICT/23/005,ICT-23,FALSE
Sandaru,Rathnayake,sandaru.rath@example.com,Pass@123,776666666,UWU/ICT/23/006,ICT-23,TRUE
Piumi,Gamage,piumi.gamage@example.com,Pass@123,777777777,UWU/ICT/23/007,ICT-23,FALSE
Chamara,Herath,chamara.herath@example.com,Pass@123,778888888,UWU/ICT/23/008,ICT-23,TRUE
Sahan,Silva,sahan.silva@example.com,Pass@123,771000001,UWU/ICT/24/001,ICT-24,TRUE
Dilsha,Perera,dilsha.perera@example.com,Pass@123,772000002,UWU/ICT/24/002,ICT-24,FALSE
Nipuni,Fernando,nipuni.fernando@example.com,Pass@123,773000003,UWU/ICT/24/003,ICT-24,TRUE
Kasuni,Jayawardena,kasuni.jaya@example.com,Pass@123,774000004,UWU/ICT/24/004,ICT-24,TRUE
Tharuka,Kumara,tharuka.kumara@example.com,Pass@123,775000005,UWU/ICT/24/005,ICT-24,FALSE
Isuru,Rathnayake,isuru.rath@example.com,Pass@123,776000006,UWU/ICT/24/006,ICT-24,TRUE
Madushi,Wijesinghe,madushi.wije@example.com,Pass@123,777000007,UWU/ICT/24/007,ICT-24,FALSE
Kavishka,Gamage,kavishka.gamage@example.com,Pass@123,778000008,UWU/ICT/24/008,ICT-24,TRUE
Ashen,Wijeratne,ashen.wijeratne@example.com,Pass@123,770111001,UWU/ET/21/001,ET-21,TRUE
Binura,Madushanka,binura.madushanka@example.com,Pass@123,770111002,UWU/ET/21/002,ET-21,FALSE
Chathumi,Gunawardena,chathumi.guna@example.com,Pass@123,770111003,UWU/ET/21/003,ET-21,TRUE
Dulanjan,Senarath,dulanjan.senarath@example.com,Pass@123,770111004,UWU/ET/21/004,ET-21,TRUE
Eshan,Dias,eshan.dias@example.com,Pass@123,770111005,UWU/ET/21/005,ET-21,FALSE
Fathima,Fazmin,fathima.fazmin@example.com,Pass@123,770111006,UWU/ET/22/001,ET-22,TRUE
Gihan,Karunaratne,gihan.karuna@example.com,Pass@123,770111007,UWU/ET/22/002,ET-22,TRUE
Hiruni,Abeysekara,hiruni.abey@example.com,Pass@123,770111008,UWU/ET/22/003,ET-22,FALSE
Imasha,Peris,imasha.peris@example.com,Pass@123,770111009,UWU/ET/22/004,ET-22,TRUE
Janith,Jayathilake,janith.jaya@example.com,Pass@123,770111010,UWU/ET/22/005,ET-22,FALSE
Keshani,Samarasinghe,keshani.samara@example.com,Pass@123,770111011,UWU/ET/23/001,ET-23,TRUE
Lahiru,Bandara,lahiru.bandara@example.com,Pass@123,770111012,UWU/ET/23/002,ET-23,TRUE
Minoshi,Rajapaksha,minoshi.raja@example.com,Pass@123,770111013,UWU/ET/23/003,ET-23,FALSE
Nethmina,Dissanayake,nethmina.dissa@example.com,Pass@123,770111014,UWU/ET/23/004,ET-23,TRUE
Oshadi,Ilangasinghe,oshadi.ilanga@example.com,Pass@123,770111015,UWU/ET/23/005,ET-23,FALSE
Praveen,Fernando,praveen.fernando@example.com,Pass@123,770111016,UWU/ET/24/001,ET-24,TRUE
Raveesha,Weerakoon,raveesha.weera@example.com,Pass@123,770111017,UWU/ET/24/002,ET-24,FALSE
Sachith,De Silva,sachith.desilva@example.com,Pass@123,770111018,UWU/ET/24/003,ET-24,TRUE
Thushari,Kulathunga,thushari.kula@example.com,Pass@123,770111019,UWU/ET/24/004,ET-24,TRUE
Vimukthi,Ekanayake,vimukthi.eka@example.com,Pass@123,770111020,UWU/ET/24/005,ET-24,FALSE
Ayesh,Karunasekara,ayesh.karuna@example.com,Pass@123,781000001,UWU/BST/21/001,BST-21,TRUE
Bimali,Liyanage,bimali.liyanage@example.com,Pass@123,781000002,UWU/BST/21/002,BST-21,FALSE
Chathura,Seneviratne,chathura.senevi@example.com,Pass@123,781000003,UWU/BST/22/001,BST-22,TRUE
Dinusha,Peris,dinusha.peris@example.com,Pass@123,781000004,UWU/BST/22/002,BST-22,TRUE
Erandi,Abeywardena,erandi.abey@example.com,Pass@123,781000005,UWU/BST/23/001,BST-23,FALSE
Fazil,Rizwan,fazil.rizwan@example.com,Pass@123,781000006,UWU/BST/23/002,BST-23,TRUE
Gayan,Wijekoon,gayan.wijekoon@example.com,Pass@123,781000007,UWU/BST/24/001,BST-24,FALSE
Heshani,Gunasekara,heshani.guna@example.com,Pass@123,781000008,UWU/BST/24/002,BST-24,TRUE
Irosha,Jayalath,irosha.jaya@example.com,Pass@123,781000009,UWU/BST/24/003,BST-24,TRUE
Janaka,Bandaranayake,janaka.bandara@example.com,Pass@123,781000010,UWU/BST/24/004,BST-24,FALSE
Ashwin,Wijesuriya,ashwin.wije@example.com,Pass@123,770200001,UWU/CST/21/001,CST-21,TRUE
Bhanuka,Karunarathne,bhanuka.karuna@example.com,Pass@123,770200002,UWU/CST/21/002,CST-21,FALSE
Chathuri,Gunawardena,chathuri.guna@example.com,Pass@123,770200003,UWU/CST/21/003,CST-21,TRUE
Deshan,Perera,deshan.perera@example.com,Pass@123,770200004,UWU/CST/22/001,CST-22,TRUE
Eranthi,Abeysinghe,eranthi.abey@example.com,Pass@123,770200005,UWU/CST/22/002,CST-22,FALSE
Fawzan,Fazil,fawzan.fazil@example.com,Pass@123,770200006,UWU/CST/22/003,CST-22,TRUE
Gishan,Rajapaksha,gishan.raja@example.com,Pass@123,770200007,UWU/CST/23/001,CST-23,TRUE
Hiruka,Dissanayake,hiruka.dissa@example.com,Pass@123,770200008,UWU/CST/23/002,CST-23,FALSE
Imandi,Jayasinghe,imandi.jaya@example.com,Pass@123,770200009,UWU/CST/23/003,CST-23,TRUE
Janudi,Silva,janudi.silva@example.com,Pass@123,770200010,UWU/CST/24/001,CST-24,TRUE
Kavinda,Fernando,kavinda.fernando@example.com,Pass@123,770200011,UWU/CST/24/002,CST-24,FALSE
Lihini,Bandara,lihini.bandara@example.com,Pass@123,770200012,UWU/CST/24/003,CST-24,TRUE
Malith,Herath,malith.herath@example.com,Pass@123,770200013,UWU/CST/24/004,CST-24,TRUE
Nisali,Kulasekara,nisali.kula@example.com,Pass@123,770200014,UWU/CST/24/005,CST-24,FALSE
Oshan,Senanayake,oshan.sena@example.com,Pass@123,770200015,UWU/CST/24/006,CST-24,TRUE
Ravishka,Perera,ravishka.perera@example.com,Pass@123,770300001,UWU/IIT/21/001,IIT-21,TRUE
Sajini,Silva,sajini.silva@example.com,Pass@123,770300002,UWU/IIT/21/002,IIT-21,TRUE
Tharushi,Fernando,tharushi.fernando@example.com,Pass@123,770300003,UWU/IIT/21/003,IIT-21,FALSE
Udesh,Wijeratne,udesh.wije@example.com,Pass@123,770300004,UWU/IIT/22/001,IIT-22,TRUE
Vihanga,Karunaratne,vihanga.karuna@example.com,Pass@123,770300005,UWU/IIT/22/002,IIT-22,FALSE
Wathsala,Bandara,wathsala.bandara@example.com,Pass@123,770300006,UWU/IIT/22/003,IIT-22,TRUE
Yasiru,Jayawardena,yasiru.jaya@example.com,Pass@123,770300007,UWU/IIT/23/001,IIT-23,TRUE
Zahra,Rizwan,zahra.rizwan@example.com,Pass@123,770300008,UWU/IIT/23/002,IIT-23,FALSE
Amindi,Abeysekara,amindi.abey@example.com,Pass@123,770300009,UWU/IIT/23/003,IIT-23,TRUE
Buddhika,Gunathilake,buddhika.guna@example.com,Pass@123,770300010,UWU/IIT/24/001,IIT-24,TRUE
Chamodi,Samarasinghe,chamodi.samara@example.com,Pass@123,770300011,UWU/IIT/24/002,IIT-24,FALSE
Dileepa,Herath,dileepa.herath@example.com,Pass@123,770300012,UWU/IIT/24/003,IIT-24,TRUE
Eshani,Dissanayake,eshani.dissa@example.com,Pass@123,770300013,UWU/IIT/24/004,IIT-24,FALSE
Firdous,Fazmin,firdous.fazmin@example.com,Pass@123,770300014,UWU/IIT/24/005,IIT-24,TRUE
Gayanthi,Weerasinghe,gayanthi.weera@example.com,Pass@123,770300015,UWU/IIT/24/006,IIT-24,TRUE
Akhila,Senanayake,akhila.sena@example.com,Pass@123,780100001,UWU/SCT/21/001,SCT-21,TRUE
Bhagya,Perera,bhagya.perera@example.com,Pass@123,780100002,UWU/MRT/21/001,MRT-21,FALSE
Chandima,Wijesinghe,chandima.wije@example.com,Pass@123,780100003,UWU/SCT/22/001,SCT-22,TRUE
Devni,Abeykoon,devni.abey@example.com,Pass@123,780100004,UWU/MRT/22/001,MRT-22,TRUE
Eran,Dissanayake,eran.dissa@example.com,Pass@123,780100005,UWU/SCT/23/001,SCT-23,FALSE
Fazla,Fazmin,fazla.fazmin@example.com,Pass@123,780100006,UWU/MRT/23/001,MRT-23,TRUE
Gayantha,Karunaratne,gayantha.karuna@example.com,Pass@123,780100007,UWU/SCT/24/001,SCT-24,FALSE
Himali,Gunawardena,himali.guna@example.com,Pass@123,780100008,UWU/MRT/24/001,MRT-24,TRUE
Ishanka,Jayasinghe,ishanka.jaya@example.com,Pass@123,780100009,UWU/SCT/24/002,SCT-24,TRUE
Januri,Bandara,januri.bandara@example.com,Pass@123,780100010,UWU/MRT/24/002,MRT-24,FALSE
